shipment_id,ship_date,origin_warehouse,destination_region,mode_of_transport,distance_km,shipment_volume_units,delivery_time_days,promised_time_days,on_time_delivery,transportation_cost_inr,customer_rating,cost_per_km,delay_days,ship_month
SHP00001,2026-03-13,WH-3,South,Sea,252.8,26,1.02,10,True,2896.19,4.9,11.46,0.0,2026-03
SHP00002,2026-05-10,WH-6,Central,Sea,455.8,14,1.97,10,True,4765.56,3.5,10.46,0.0,2026-05
SHP00003,2026-06-24,WH-6,South,Road,1653.6,28,8.66,4,False,79597.8,2.9,48.14,4.66,2026-06
SHP00004,2026-06-21,WH-4,South,Road,637.6,39,2.0,4,True,23944.01,4.5,37.55,0.0,2026-06
SHP00005,2026-02-09,WH-4,Central,Road,1172.2,25,3.43,4,True,61427.67,3.8,52.4,0.0,2026-02
SHP00006,2026-03-29,WH-1,North,Road,269.4,33,1.61,4,True,10681.58,4.8,39.65,0.0,2026-03
SHP00007,2026-02-17,WH-1,Central,Road,775.6,53,2.56,4,True,39133.22,4.6,50.46,0.0,2026-02
SHP00008,2026-04-13,WH-6,Central,Air,615.3,12,0.89,2,True,106767.87,5.0,173.52,0.0,2026-04
SHP00009,2026-05-23,WH-5,West,Road,275.5,11,1.75,4,True,11365.08,4.6,41.25,0.0,2026-05
SHP00010,2026-05-08,WH-3,North,Sea,815.6,16,3.38,10,True,8414.0,2.8,10.32,0.0,2026-05
SHP00011,2026-06-01,WH-4,South,Road,832.9,24,2.78,4,True,27705.31,3.2,33.26,0.0,2026-06
SHP00012,2026-01-02,WH-1,South,Road,640.7,17,1.85,4,True,29114.41,4.9,45.44,0.0,2026-01
SHP00013,2026-01-24,WH-6,West,Road,243.3,19,1.58,4,True,10959.64,5.0,45.05,0.0,2026-01
SHP00014,2026-05-27,WH-4,Central,Road,692.8,13,1.93,4,True,34306.9,5.0,49.52,0.0,2026-05
SHP00015,2026-05-31,WH-2,West,Air,685.2,9,0.67,2,True,124462.49,4.4,181.64,0.0,2026-05
SHP00016,2026-04-09,WH-1,Central,Road,923.7,22,2.72,4,True,40998.77,4.9,44.39,0.0,2026-04
SHP00017,2026-04-03,WH-1,South,Sea,1936.1,18,5.8,10,True,14097.65,4.4,7.28,0.0,2026-04
SHP00018,2026-05-25,WH-3,North,Road,486.6,33,1.95,4,True,29221.75,4.4,60.05,0.0,2026-05
SHP00019,2026-01-30,WH-5,Central,Road,871.6,40,2.44,4,True,40062.82,4.4,45.96,0.0,2026-01
SHP00020,2026-02-06,WH-4,South,Sea,748.8,29,3.14,10,True,7106.29,5.0,9.49,0.0,2026-02
SHP00021,2026-02-23,WH-1,South,Road,503.0,10,1.97,4,True,22412.25,5.0,44.56,0.0,2026-02
SHP00022,2026-06-25,WH-3,West,Rail,678.2,12,1.89,5,True,12513.82,4.1,18.45,0.0,2026-06
SHP00023,2026-03-07,WH-2,Central,Road,594.1,8,1.76,4,True,29749.64,4.2,50.08,0.0,2026-03
SHP00024,2026-04-11,WH-3,North,Road,981.6,11,3.12,4,True,46437.75,5.0,47.31,0.0,2026-04
SHP00025,2026-04-16,WH-4,West,Sea,1005.8,12,3.38,10,True,10546.95,4.7,10.49,0.0,2026-04
SHP00026,2026-02-03,WH-1,South,Road,1160.9,23,3.34,4,True,54337.0,3.7,46.81,0.0,2026-02
SHP00027,2026-03-10,WH-4,North,Road,769.1,35,2.32,4,True,36188.03,4.2,47.05,0.0,2026-03
SHP00028,2026-03-10,WH-1,North,Sea,937.7,32,3.62,10,True,9164.05,4.8,9.77,0.0,2026-03
SHP00029,2026-06-28,WH-5,East,Road,1281.9,50,4.22,4,True,59165.69,4.1,46.15,0.22,2026-06
SHP00030,2026-01-08,WH-2,East,Road,601.5,8,1.87,4,True,30366.69,4.7,50.48,0.0,2026-01
SHP00031,2026-06-13,WH-5,North,Road,569.3,37,2.46,4,True,26828.93,4.0,47.13,0.0,2026-06
SHP00032,2026-01-13,WH-1,Central,Sea,1381.4,12,4.42,10,True,10994.32,4.0,7.96,0.0,2026-01
SHP00033,2026-03-17,WH-3,North,Sea,520.8,22,2.1,10,True,5131.13,4.5,9.85,0.0,2026-03
SHP00034,2026-05-31,WH-5,East,Road,339.1,86,1.93,4,True,15999.15,4.4,47.18,0.0,2026-05
SHP00035,2026-06-27,WH-1,South,Road,682.6,21,2.03,4,True,25732.67,4.2,37.7,0.0,2026-06
SHP00036,2026-03-11,WH-4,Central,Rail,898.0,3,2.73,5,True,19878.47,3.4,22.14,0.0,2026-03
SHP00037,2026-03-02,WH-4,South,Rail,471.5,39,1.46,5,True,12526.29,4.4,26.57,0.0,2026-03
SHP00038,2026-06-09,WH-5,South,Sea,327.1,16,1.99,10,True,3100.85,4.1,9.48,0.0,2026-06
SHP00039,2026-04-27,WH-1,North,Road,762.8,63,2.82,4,True,30668.09,3.9,40.2,0.0,2026-04
SHP00040,2026-03-31,WH-4,South,Road,547.3,11,1.84,4,True,21449.11,5.0,39.19,0.0,2026-03
SHP00041,2026-05-14,WH-3,South,Road,168.0,36,1.05,4,True,8836.74,5.0,52.6,0.0,2026-05
SHP00042,2026-01-26,WH-5,Central,Road,453.7,18,1.68,4,True,22810.72,4.6,50.28,0.0,2026-01
SHP00043,2026-01-23,WH-5,Central,Sea,808.8,16,2.54,10,True,6247.58,4.8,7.72,0.0,2026-01
SHP00044,2026-06-11,WH-2,East,Road,249.6,13,1.59,4,True,12107.01,4.6,48.51,0.0,2026-06
SHP00045,2026-03-26,WH-5,East,Road,1528.2,24,4.24,4,True,67280.17,4.6,44.03,0.24,2026-03
SHP00046,2026-01-30,WH-4,East,Road,459.5,5,1.73,4,True,19964.87,5.0,43.45,0.0,2026-01
SHP00047,2026-05-31,WH-1,South,Road,178.1,8,1.01,4,True,8269.0,3.8,46.43,0.0,2026-05
SHP00048,2026-04-02,WH-5,North,Road,925.2,21,2.84,4,True,38178.4,4.2,41.27,0.0,2026-04
SHP00049,2026-02-25,WH-1,South,Road,334.8,40,2.07,4,True,13682.37,5.0,40.87,0.0,2026-02
SHP00050,2026-06-03,WH-5,South,Road,515.7,40,2.25,4,True,20030.57,4.3,38.84,0.0,2026-06
SHP00051,2026-04-29,WH-1,East,Road,294.6,12,1.06,4,True,11257.47,5.0,38.21,0.0,2026-04
SHP00052,2026-02-03,WH-6,East,Road,1018.4,66,2.9,4,True,55479.95,3.6,54.48,0.0,2026-02
SHP00053,2026-02-02,WH-1,East,Road,981.4,12,2.92,4,True,36437.19,4.9,37.13,0.0,2026-02
SHP00054,2026-06-28,WH-6,North,Sea,725.3,25,2.64,10,True,8390.7,4.8,11.57,0.0,2026-06
SHP00055,2026-03-05,WH-6,East,Air,400.0,37,0.71,2,True,66915.07,5.0,167.29,0.0,2026-03
SHP00056,2026-03-25,WH-2,East,Road,94.8,49,1.05,4,True,4705.12,4.7,49.63,0.0,2026-03
SHP00057,2026-04-27,WH-6,West,Sea,561.0,22,2.29,10,True,5258.43,4.0,9.37,0.0,2026-04
SHP00058,2026-03-24,WH-5,North,Road,977.0,3,3.26,4,True,44558.23,3.2,45.61,0.0,2026-03
SHP00059,2026-06-02,WH-1,East,Road,280.1,35,0.98,4,True,8950.39,3.3,31.95,0.0,2026-06
SHP00060,2026-01-15,WH-4,West,Rail,351.6,79,1.52,5,True,8486.48,5.0,24.14,0.0,2026-01
SHP00061,2026-01-10,WH-2,North,Road,1062.2,15,3.14,4,True,47925.1,4.4,45.12,0.0,2026-01
SHP00062,2026-03-17,WH-4,East,Road,2733.3,21,6.88,4,False,117600.38,2.3,43.03,2.88,2026-03
SHP00063,2026-05-20,WH-3,South,Road,379.0,40,5.44,4,False,14908.96,2.6,39.34,1.44,2026-05
SHP00064,2026-02-09,WH-6,North,Road,1494.5,12,3.79,4,True,61468.3,3.8,41.13,0.0,2026-02
SHP00065,2026-05-17,WH-5,East,Road,362.9,29,1.21,4,True,18526.94,4.4,51.05,0.0,2026-05
SHP00066,2026-04-18,WH-3,East,Sea,1120.5,29,3.96,10,True,8793.36,3.9,7.85,0.0,2026-04
SHP00067,2026-03-25,WH-1,North,Road,365.8,49,2.13,4,True,16480.36,3.6,45.05,0.0,2026-03
SHP00068,2026-01-29,WH-6,West,Road,99.3,48,1.05,4,True,4367.82,5.0,43.99,0.0,2026-01
SHP00069,2026-03-04,WH-3,East,Road,2099.5,13,5.64,4,False,89382.08,3.8,42.57,1.64,2026-03
SHP00070,2026-01-08,WH-5,Central,Sea,715.0,11,2.95,10,True,6223.18,4.7,8.7,0.0,2026-01
SHP00071,2026-02-01,WH-6,South,Road,268.0,15,2.02,4,True,13425.34,4.6,50.09,0.0,2026-02
SHP00072,2026-05-28,WH-5,South,Sea,219.1,14,0.91,10,True,2388.26,4.0,10.9,0.0,2026-05
SHP00073,2026-03-27,WH-2,Central,Road,1453.2,23,4.42,4,True,56131.61,5.0,38.63,0.42,2026-03
SHP00074,2026-04-13,WH-1,West,Rail,21.6,9,0.46,5,True,651.83,5.0,30.18,0.0,2026-04
SHP00075,2026-06-15,WH-1,East,Sea,946.8,19,3.67,10,True,6237.2,4.9,6.59,0.0,2026-06
SHP00076,2026-05-18,WH-5,South,Rail,305.8,5,1.65,5,True,6003.11,4.5,19.63,0.0,2026-05
SHP00077,2026-06-13,WH-3,South,Road,354.6,32,1.52,4,True,12419.02,3.9,35.02,0.0,2026-06
SHP00078,2026-03-22,WH-3,North,Road,1048.7,5,3.44,4,True,51280.89,5.0,48.9,0.0,2026-03
SHP00079,2026-04-18,WH-3,South,Road,631.0,33,5.77,4,False,22462.64,3.0,35.6,1.77,2026-04
SHP00080,2026-01-08,WH-3,North,Road,997.3,38,3.09,4,True,48662.62,5.0,48.79,0.0,2026-01
SHP00081,2026-01-16,WH-2,North,Rail,1279.0,25,5.48,5,True,25097.94,4.4,19.62,0.48,2026-01
SHP00082,2026-04-13,WH-2,Central,Sea,1036.4,7,4.92,10,True,10406.44,4.2,10.04,0.0,2026-04
SHP00083,2026-06-02,WH-5,South,Road,720.0,2,2.69,4,True,34227.69,4.1,47.54,0.0,2026-06
SHP00084,2026-01-29,WH-6,Central,Road,234.4,13,1.39,4,True,7266.16,4.1,31.0,0.0,2026-01
SHP00085,2026-06-26,WH-6,South,Air,1623.9,7,1.07,2,True,240948.86,3.2,148.38,0.0,2026-06
SHP00086,2026-02-06,WH-2,West,Road,229.3,18,1.6,4,True,9099.09,3.7,39.68,0.0,2026-02
SHP00087,2026-04-03,WH-4,Central,Road,853.8,25,2.78,4,True,48372.31,4.0,56.66,0.0,2026-04
SHP00088,2026-01-09,WH-1,North,Sea,1402.8,63,7.16,10,True,12531.07,4.5,8.93,0.0,2026-01
SHP00089,2026-01-11,WH-2,East,Rail,163.5,12,1.43,5,True,3666.89,4.7,22.43,0.0,2026-01
SHP00090,2026-02-07,WH-4,East,Road,1320.6,20,3.31,4,True,70230.96,2.3,53.18,0.0,2026-02
SHP00091,2026-02-09,WH-2,East,Sea,319.3,32,1.86,10,True,3060.15,4.6,9.58,0.0,2026-02
SHP00092,2026-04-10,WH-2,West,Rail,1058.4,12,3.21,5,True,25883.27,4.3,24.46,0.0,2026-04
SHP00093,2026-04-10,WH-2,South,Air,726.0,11,1.29,2,True,133639.29,4.2,184.08,0.0,2026-04
SHP00094,2026-06-07,WH-6,North,Sea,315.8,52,3.59,10,True,3167.82,4.7,10.03,0.0,2026-06
SHP00095,2026-05-30,WH-4,Central,Road,397.8,12,1.25,4,True,17369.59,4.0,43.66,0.0,2026-05
SHP00096,2026-01-07,WH-4,West,Rail,2059.2,14,5.16,5,True,54027.92,4.3,26.24,0.16,2026-01
SHP00097,2026-02-08,WH-1,Central,Road,225.2,13,1.56,4,True,10914.83,4.7,48.47,0.0,2026-02
SHP00098,2026-05-11,WH-3,Central,Sea,776.7,51,6.05,10,True,6769.33,3.7,8.72,0.0,2026-05
SHP00099,2026-05-25,WH-1,East,Road,2806.4,18,9.4,4,False,105233.13,2.9,37.5,5.4,2026-05
SHP00100,2026-03-25,WH-6,North,Rail,198.9,19,0.76,5,True,3864.92,4.0,19.43,0.0,2026-03
SHP00101,2026-03-05,WH-2,South,Road,1254.5,53,3.95,4,True,59964.9,4.0,47.8,0.0,2026-03
SHP00102,2026-03-27,WH-6,North,Rail,885.2,52,4.06,5,True,19114.61,3.6,21.59,0.0,2026-03
SHP00103,2026-05-23,WH-2,Central,Road,254.0,62,0.89,4,True,12467.91,5.0,49.09,0.0,2026-05
SHP00104,2026-03-25,WH-6,Central,Air,839.9,22,1.3,2,True,156117.2,5.0,185.88,0.0,2026-03
SHP00105,2026-05-21,WH-4,North,Road,752.6,6,2.4,4,True,37083.51,4.1,49.27,0.0,2026-05
SHP00106,2026-05-30,WH-3,North,Road,615.0,14,1.74,4,True,36892.51,3.6,59.99,0.0,2026-05
SHP00107,2026-06-08,WH-5,Central,Road,491.8,27,2.05,4,True,24261.29,5.0,49.33,0.0,2026-06
SHP00108,2026-03-07,WH-2,East,Road,3317.5,32,8.57,4,False,164805.64,2.6,49.68,4.57,2026-03
SHP00109,2026-01-08,WH-2,West,Road,56.6,76,0.76,4,True,3131.17,4.3,55.32,0.0,2026-01
SHP00110,2026-03-25,WH-6,North,Road,360.8,15,1.97,4,True,13718.49,5.0,38.02,0.0,2026-03
SHP00111,2026-01-10,WH-3,North,Sea,369.9,21,1.58,10,True,3035.27,4.8,8.21,0.0,2026-01
SHP00112,2026-01-28,WH-4,West,Road,188.2,40,1.15,4,True,9637.85,5.0,51.21,0.0,2026-01
SHP00113,2026-03-19,WH-2,North,Road,774.3,36,2.96,4,True,34254.39,4.4,44.24,0.0,2026-03
SHP00114,2026-02-12,WH-5,North,Road,87.9,6,0.96,4,True,4099.93,4.0,46.64,0.0,2026-02
SHP00115,2026-04-06,WH-5,North,Air,926.1,18,0.81,2,True,154020.98,4.2,166.31,0.0,2026-04
SHP00116,2026-05-27,WH-1,West,Sea,796.1,30,2.91,10,True,8495.83,3.4,10.67,0.0,2026-05
SHP00117,2026-03-14,WH-5,Central,Sea,1207.3,12,4.06,10,True,11030.27,4.9,9.14,0.0,2026-03
SHP00118,2026-03-16,WH-5,Central,Road,589.2,44,1.9,4,True,21817.48,3.2,37.03,0.0,2026-03
SHP00119,2026-02-04,WH-1,East,Rail,1311.3,23,3.52,5,True,27833.92,5.0,21.23,0.0,2026-02
SHP00120,2026-06-03,WH-5,East,Road,510.0,22,1.65,4,True,19205.64,5.0,37.66,0.0,2026-06
SHP00121,2026-05-31,WH-5,West,Road,821.5,22,3.45,4,True,37596.46,4.6,45.77,0.0,2026-05
SHP00122,2026-06-05,WH-5,East,Rail,253.3,42,1.45,5,True,4901.99,4.3,19.35,0.0,2026-06
SHP00123,2026-06-08,WH-5,West,Road,580.1,23,1.82,4,True,22590.29,4.5,38.94,0.0,2026-06
SHP00124,2026-05-21,WH-3,North,Rail,1546.8,21,3.6,5,True,35999.39,5.0,23.27,0.0,2026-05
SHP00125,2026-04-01,WH-2,Central,Road,519.7,38,1.84,4,True,21276.0,3.9,40.94,0.0,2026-04
SHP00126,2026-04-18,WH-3,East,Road,2309.6,17,5.45,4,False,99434.32,2.1,43.05,1.45,2026-04
SHP00127,2026-06-02,WH-6,South,Rail,789.9,28,2.24,5,True,16692.35,4.7,21.13,0.0,2026-06
SHP00128,2026-04-07,WH-5,South,Road,1782.3,5,4.57,4,False,66194.99,3.3,37.14,0.57,2026-04
SHP00129,2026-02-19,WH-6,North,Rail,1232.3,16,3.65,5,True,23266.67,4.4,18.88,0.0,2026-02
SHP00130,2026-02-05,WH-2,South,Rail,709.1,57,1.87,5,True,17954.88,3.0,25.32,0.0,2026-02
SHP00131,2026-01-05,WH-6,North,Sea,442.5,11,2.51,10,True,4634.14,4.6,10.47,0.0,2026-01
SHP00132,2026-05-22,WH-5,East,Road,1259.1,12,3.44,4,True,47303.54,5.0,37.57,0.0,2026-05
SHP00133,2026-02-24,WH-2,South,Sea,672.2,27,2.58,10,True,7529.63,4.9,11.2,0.0,2026-02
SHP00134,2026-06-07,WH-2,East,Rail,55.8,15,1.15,5,True,1250.25,4.1,22.41,0.0,2026-06
SHP00135,2026-01-25,WH-2,Central,Rail,426.3,4,5.13,5,True,9610.33,4.6,22.54,0.13,2026-01
SHP00136,2026-05-16,WH-2,West,Rail,599.6,6,1.57,5,True,13925.45,4.8,23.22,0.0,2026-05
SHP00137,2026-06-09,WH-6,Central,Road,723.6,68,4.32,4,True,36509.16,4.5,50.45,0.32,2026-06
SHP00138,2026-05-29,WH-3,Central,Road,505.0,12,3.11,4,True,21340.81,4.7,42.26,0.0,2026-05
SHP00139,2026-06-15,WH-4,South,Rail,1404.1,7,3.44,5,True,31596.96,4.9,22.5,0.0,2026-06
SHP00140,2026-05-29,WH-3,North,Road,1089.8,40,2.85,4,True,43186.64,4.4,39.63,0.0,2026-05
SHP00141,2026-02-21,WH-5,North,Road,971.3,15,3.05,4,True,45335.5,4.2,46.68,0.0,2026-02
SHP00142,2026-04-30,WH-1,Central,Road,1277.1,12,3.37,4,True,68065.83,4.3,53.3,0.0,2026-04
SHP00143,2026-06-26,WH-3,East,Rail,1200.4,21,2.84,5,True,25306.67,4.3,21.08,0.0,2026-06
SHP00144,2026-06-28,WH-5,North,Air,697.3,11,0.78,2,True,134461.59,3.8,192.83,0.0,2026-06
SHP00145,2026-04-06,WH-6,North,Road,945.0,11,2.86,4,True,40636.64,3.9,43.0,0.0,2026-04
SHP00146,2026-04-24,WH-6,North,Sea,316.3,19,1.23,10,True,2714.01,5.0,8.58,0.0,2026-04
SHP00147,2026-06-17,WH-1,North,Road,876.2,17,2.74,4,True,34757.52,4.6,39.67,0.0,2026-06
SHP00148,2026-04-30,WH-1,West,Road,577.0,8,2.37,4,True,28681.88,3.7,49.71,0.0,2026-04
SHP00149,2026-05-15,WH-6,Central,Air,987.8,18,1.29,2,True,157583.75,4.1,159.53,0.0,2026-05
SHP00150,2026-04-05,WH-2,West,Road,815.3,14,2.48,4,True,31679.14,3.9,38.86,0.0,2026-04
SHP00151,2026-04-21,WH-4,North,Road,777.1,8,2.53,4,True,33048.94,4.2,42.53,0.0,2026-04
SHP00152,2026-01-10,WH-2,North,Sea,990.7,28,3.53,10,True,10812.57,5.0,10.91,0.0,2026-01
SHP00153,2026-01-14,WH-6,West,Sea,693.9,37,2.81,10,True,7583.69,3.8,10.93,0.0,2026-01
SHP00154,2026-01-24,WH-2,South,Rail,656.1,28,1.61,5,True,13624.49,4.2,20.77,0.0,2026-01
SHP00155,2026-01-14,WH-4,South,Road,475.5,17,2.99,4,True,20065.19,4.2,42.2,0.0,2026-01
SHP00156,2026-05-30,WH-3,South,Rail,685.2,31,2.14,5,True,14967.55,3.9,21.84,0.0,2026-05
SHP00157,2026-02-16,WH-4,South,Road,1103.5,23,3.13,4,True,51678.56,4.3,46.83,0.0,2026-02
SHP00158,2026-03-31,WH-1,West,Road,293.6,14,1.29,4,True,11179.31,4.5,38.08,0.0,2026-03
SHP00159,2026-02-04,WH-2,South,Sea,120.1,30,1.03,10,True,1138.13,4.5,9.48,0.0,2026-02
SHP00160,2026-04-10,WH-1,East,Road,488.6,27,1.51,4,True,18662.12,4.3,38.2,0.0,2026-04
SHP00161,2026-01-14,WH-4,South,Road,560.7,42,1.95,4,True,22235.89,4.1,39.66,0.0,2026-01
SHP00162,2026-01-21,WH-1,North,Sea,646.7,5,4.45,10,True,5387.29,4.8,8.33,0.0,2026-01
SHP00163,2026-02-26,WH-6,North,Road,700.7,10,2.16,4,True,32922.82,3.9,46.99,0.0,2026-02
SHP00164,2026-03-02,WH-5,West,Road,577.9,16,2.22,4,True,25754.25,3.8,44.57,0.0,2026-03
SHP00165,2026-03-07,WH-1,North,Sea,20.0,18,3.35,10,True,258.44,4.4,12.92,0.0,2026-03
SHP00166,2026-01-20,WH-5,West,Road,643.0,38,3.36,4,True,30925.53,5.0,48.1,0.0,2026-01
SHP00167,2026-05-11,WH-6,East,Rail,852.3,17,2.1,5,True,27323.2,5.0,32.06,0.0,2026-05
SHP00168,2026-01-08,WH-2,Central,Road,417.6,27,1.8,4,True,21341.12,4.4,51.1,0.0,2026-01
SHP00169,2026-05-10,WH-4,North,Rail,1151.8,15,2.77,5,True,25388.14,4.3,22.04,0.0,2026-05
SHP00170,2026-01-12,WH-1,East,Road,240.0,9,1.49,4,True,10491.39,4.6,43.71,0.0,2026-01
SHP00171,2026-06-11,WH-4,North,Road,349.2,25,1.38,4,True,15265.43,4.6,43.72,0.0,2026-06
SHP00172,2026-04-18,WH-4,Central,Sea,469.0,36,2.33,10,True,4237.45,4.0,9.04,0.0,2026-04
SHP00173,2026-02-27,WH-2,Central,Air,1794.2,95,1.52,2,True,241425.83,4.1,134.56,0.0,2026-02
SHP00174,2026-05-28,WH-6,South,Road,806.1,13,2.67,4,True,38564.37,3.8,47.84,0.0,2026-05
SHP00175,2026-05-22,WH-6,North,Road,379.9,35,1.2,4,True,15578.19,4.2,41.01,0.0,2026-05
SHP00176,2026-03-13,WH-5,South,Road,246.1,57,2.1,4,True,10387.49,4.7,42.21,0.0,2026-03
SHP00177,2026-03-04,WH-6,West,Sea,1174.3,32,3.96,10,True,14164.76,3.4,12.06,0.0,2026-03
SHP00178,2026-03-19,WH-1,West,Road,939.9,28,2.92,4,True,45583.25,4.3,48.5,0.0,2026-03
SHP00179,2026-01-11,WH-3,West,Road,575.9,21,1.64,4,True,28767.23,4.6,49.95,0.0,2026-01
SHP00180,2026-01-08,WH-1,West,Sea,1010.9,5,3.35,10,True,8786.28,4.3,8.69,0.0,2026-01
SHP00181,2026-06-06,WH-4,East,Rail,1223.1,10,2.96,5,True,29631.05,3.9,24.23,0.0,2026-06
SHP00182,2026-01-06,WH-6,East,Sea,301.6,38,1.31,10,True,3065.42,5.0,10.16,0.0,2026-01
SHP00183,2026-02-25,WH-4,East,Road,439.8,51,1.32,4,True,19772.14,4.2,44.96,0.0,2026-02
SHP00184,2026-04-17,WH-2,South,Road,116.1,39,0.81,4,True,4881.15,4.5,42.04,0.0,2026-04
SHP00185,2026-05-27,WH-6,North,Rail,1252.1,66,3.6,5,True,26661.82,3.7,21.29,0.0,2026-05
SHP00186,2026-01-08,WH-5,West,Sea,1279.4,15,4.27,10,True,12995.73,4.5,10.16,0.0,2026-01
SHP00187,2026-05-02,WH-4,East,Sea,334.9,13,1.76,10,True,3808.36,4.4,11.37,0.0,2026-05
SHP00188,2026-01-03,WH-4,North,Road,2784.7,21,7.44,4,False,110881.54,4.6,39.82,3.44,2026-01
SHP00189,2026-05-07,WH-1,North,Road,447.5,40,2.06,4,True,22726.96,3.7,50.79,0.0,2026-05
SHP00190,2026-04-18,WH-4,South,Air,1198.8,25,1.5,2,True,206225.97,3.3,172.03,0.0,2026-04
SHP00191,2026-06-01,WH-1,East,Air,1388.7,16,0.86,2,True,197872.95,5.0,142.49,0.0,2026-06
SHP00192,2026-05-19,WH-6,South,Road,1573.8,43,10.76,4,False,82272.07,2.5,52.28,6.76,2026-05
SHP00193,2026-03-08,WH-3,East,Road,877.8,14,2.28,4,True,37893.08,3.3,43.17,0.0,2026-03
SHP00194,2026-05-04,WH-2,Central,Road,497.9,24,2.15,4,True,24192.06,4.3,48.59,0.0,2026-05
SHP00195,2026-03-10,WH-4,South,Road,891.7,80,2.97,4,True,49700.01,3.8,55.74,0.0,2026-03
SHP00196,2026-05-07,WH-6,North,Road,318.4,21,1.32,4,True,14790.37,5.0,46.45,0.0,2026-05
SHP00197,2026-04-09,WH-1,East,Road,304.9,48,2.29,4,True,16560.69,5.0,54.32,0.0,2026-04
SHP00198,2026-04-08,WH-5,South,Sea,166.0,48,0.85,10,True,1706.68,4.0,10.28,0.0,2026-04
SHP00199,2026-04-25,WH-1,Central,Sea,1166.1,20,4.15,10,True,11606.49,3.9,9.95,0.0,2026-04
SHP00200,2026-06-28,WH-3,West,Road,387.9,3,1.7,4,True,13484.3,4.5,34.76,0.0,2026-06
SHP00201,2026-04-23,WH-1,North,Road,649.6,11,7.31,4,False,24742.95,3.5,38.09,3.31,2026-04
SHP00202,2026-02-23,WH-3,Central,Road,1108.0,63,3.5,4,True,56331.82,5.0,50.84,0.0,2026-02
SHP00203,2026-04-23,WH-2,Central,Road,723.1,53,6.12,4,False,26420.01,3.1,36.54,2.12,2026-04
SHP00204,2026-02-03,WH-1,West,Road,725.3,5,1.97,4,True,25497.57,3.3,35.15,0.0,2026-02
SHP00205,2026-05-04,WH-2,North,Road,760.7,6,2.2,4,True,30232.4,4.3,39.74,0.0,2026-05
SHP00206,2026-02-08,WH-5,Central,Road,1049.0,21,3.17,4,True,46063.72,2.6,43.91,0.0,2026-02
SHP00207,2026-05-28,WH-4,East,Rail,745.3,38,2.53,5,True,15364.09,3.7,20.61,0.0,2026-05
SHP00208,2026-02-03,WH-6,West,Road,685.0,13,2.5,4,True,30509.73,4.0,44.54,0.0,2026-02
SHP00209,2026-01-08,WH-2,South,Air,660.7,39,0.79,2,True,98844.18,4.8,149.61,0.0,2026-01
SHP00210,2026-05-21,WH-3,South,Air,446.6,33,1.05,2,True,73023.56,4.8,163.51,0.0,2026-05
SHP00211,2026-05-29,WH-5,Central,Rail,707.8,13,1.83,5,True,14796.44,4.3,20.9,0.0,2026-05
SHP00212,2026-04-11,WH-1,East,Sea,124.3,44,2.57,10,True,1355.22,4.5,10.9,0.0,2026-04
SHP00213,2026-03-14,WH-1,South,Air,400.0,39,1.14,2,True,77243.83,4.8,193.11,0.0,2026-03
SHP00214,2026-06-21,WH-6,North,Air,577.8,10,1.28,2,True,103767.85,3.4,179.59,0.0,2026-06
SHP00215,2026-04-12,WH-5,West,Road,711.9,17,2.25,4,True,21333.75,4.4,29.97,0.0,2026-04
SHP00216,2026-03-06,WH-6,Central,Road,535.5,36,1.96,4,True,25508.78,4.3,47.64,0.0,2026-03
SHP00217,2026-06-02,WH-5,South,Road,749.6,4,2.84,4,True,33782.16,4.8,45.07,0.0,2026-06
SHP00218,2026-04-14,WH-4,South,Road,1033.5,11,3.03,4,True,40885.82,4.4,39.56,0.0,2026-04
SHP00219,2026-01-17,WH-1,Central,Road,770.0,15,2.57,4,True,32429.89,4.6,42.12,0.0,2026-01
SHP00220,2026-03-06,WH-4,East,Road,492.1,17,1.82,4,True,22788.42,3.7,46.31,0.0,2026-03
SHP00221,2026-05-02,WH-5,Central,Road,581.6,17,2.32,4,True,24397.65,4.1,41.95,0.0,2026-05
SHP00222,2026-04-18,WH-4,North,Road,614.4,14,7.07,4,False,28830.49,2.0,46.92,3.07,2026-04
SHP00223,2026-04-28,WH-6,South,Rail,900.2,10,2.73,5,True,24138.94,4.3,26.82,0.0,2026-04
SHP00224,2026-04-04,WH-4,Central,Air,864.9,9,1.08,2,True,152440.13,4.8,176.25,0.0,2026-04
SHP00225,2026-04-14,WH-2,South,Rail,559.1,14,2.79,5,True,13391.34,4.2,23.95,0.0,2026-04
SHP00226,2026-05-09,WH-3,South,Sea,390.0,12,1.68,10,True,4338.25,4.5,11.12,0.0,2026-05
SHP00227,2026-04-03,WH-4,South,Air,976.6,61,0.82,2,True,138868.97,4.4,142.2,0.0,2026-04
SHP00228,2026-05-25,WH-2,South,Road,295.1,8,1.34,4,True,14026.11,3.3,47.53,0.0,2026-05
SHP00229,2026-02-09,WH-2,West,Road,352.6,34,1.88,4,True,16501.38,3.9,46.8,0.0,2026-02
SHP00230,2026-03-09,WH-6,East,Road,274.2,18,0.99,4,True,13508.54,4.9,49.27,0.0,2026-03
SHP00231,2026-06-26,WH-2,South,Sea,1078.0,13,5.35,10,True,8175.63,4.8,7.58,0.0,2026-06
SHP00232,2026-03-26,WH-6,North,Sea,34.7,35,1.06,10,True,411.72,3.8,11.87,0.0,2026-03
SHP00233,2026-05-06,WH-6,West,Sea,231.5,35,2.12,10,True,2118.68,4.5,9.15,0.0,2026-05
SHP00234,2026-01-17,WH-6,South,Rail,123.1,47,2.31,5,True,2691.98,4.8,21.87,0.0,2026-01
SHP00235,2026-01-01,WH-3,West,Rail,569.6,17,1.85,5,True,13129.53,4.8,23.05,0.0,2026-01
SHP00236,2026-01-15,WH-1,South,Road,1365.0,38,3.35,4,True,58170.21,4.7,42.62,0.0,2026-01
SHP00237,2026-06-06,WH-3,Central,Road,1450.2,30,3.57,4,True,63897.69,4.3,44.06,0.0,2026-06
SHP00238,2026-03-21,WH-4,West,Rail,790.6,8,2.67,5,True,16086.44,4.8,20.35,0.0,2026-03
SHP00239,2026-06-28,WH-3,East,Sea,193.6,15,1.85,10,True,1912.61,3.5,9.88,0.0,2026-06
SHP00240,2026-04-30,WH-6,West,Road,1342.9,13,3.9,4,True,46690.99,4.7,34.77,0.0,2026-04
SHP00241,2026-05-27,WH-6,West,Rail,582.7,28,3.19,5,True,13353.22,4.5,22.92,0.0,2026-05
SHP00242,2026-06-18,WH-2,Central,Rail,299.2,11,1.44,5,True,6997.39,4.9,23.39,0.0,2026-06
SHP00243,2026-06-06,WH-3,West,Road,2271.8,18,5.97,4,False,90706.5,4.2,39.93,1.97,2026-06
SHP00244,2026-01-10,WH-3,West,Road,1095.7,40,3.21,4,True,58097.92,5.0,53.02,0.0,2026-01
SHP00245,2026-05-03,WH-5,North,Sea,288.5,6,1.1,10,True,3215.51,4.4,11.15,0.0,2026-05
SHP00246,2026-02-15,WH-1,Central,Road,1063.4,10,3.34,4,True,45720.51,4.1,42.99,0.0,2026-02
SHP00247,2026-01-17,WH-4,West,Road,146.9,53,0.81,4,True,7495.58,4.4,51.03,0.0,2026-01
SHP00248,2026-02-09,WH-2,North,Road,544.2,7,2.05,4,True,22746.63,4.9,41.8,0.0,2026-02
SHP00249,2026-06-23,WH-5,South,Road,506.6,5,2.31,4,True,22410.26,3.6,44.24,0.0,2026-06
SHP00250,2026-01-28,WH-4,West,Road,504.0,14,2.21,4,True,25701.98,5.0,51.0,0.0,2026-01
SHP00251,2026-04-08,WH-2,North,Air,628.4,29,0.68,2,True,121769.69,4.1,193.78,0.0,2026-04
SHP00252,2026-06-15,WH-3,North,Road,638.8,11,2.17,4,True,26318.43,4.5,41.2,0.0,2026-06
SHP00253,2026-05-09,WH-5,West,Road,735.4,22,2.42,4,True,25811.62,4.7,35.1,0.0,2026-05
SHP00254,2026-02-05,WH-5,South,Sea,951.5,7,3.01,10,True,8189.0,4.6,8.61,0.0,2026-02
SHP00255,2026-06-07,WH-4,West,Sea,69.5,8,2.87,10,True,708.5,4.5,10.19,0.0,2026-06
SHP00256,2026-05-06,WH-1,North,Road,1893.1,16,5.2,4,False,87012.22,2.1,45.96,1.2,2026-05
SHP00257,2026-04-28,WH-3,North,Road,984.2,22,2.99,4,True,45388.59,5.0,46.12,0.0,2026-04
SHP00258,2026-04-08,WH-2,West,Road,857.9,26,4.08,4,True,41713.25,3.9,48.62,0.08,2026-04
SHP00259,2026-01-26,WH-5,West,Road,477.0,21,4.1,4,True,17268.08,5.0,36.2,0.1,2026-01
SHP00260,2026-05-24,WH-4,East,Rail,252.8,25,1.56,5,True,7206.68,3.1,28.51,0.0,2026-05
SHP00261,2026-05-27,WH-3,West,Road,568.0,19,1.63,4,True,27968.23,4.4,49.24,0.0,2026-05
SHP00262,2026-04-14,WH-4,North,Sea,681.5,23,2.16,10,True,6127.32,3.3,8.99,0.0,2026-04
SHP00263,2026-03-03,WH-3,South,Road,996.7,14,2.83,4,True,42927.61,4.6,43.07,0.0,2026-03
SHP00264,2026-03-02,WH-2,South,Rail,810.7,22,2.3,5,True,17514.69,5.0,21.6,0.0,2026-03
SHP00265,2026-02-13,WH-3,West,Road,248.3,14,1.65,4,True,10307.16,4.7,41.51,0.0,2026-02
SHP00266,2026-03-03,WH-5,West,Sea,1613.7,85,5.36,10,True,15102.37,4.2,9.36,0.0,2026-03
SHP00267,2026-01-02,WH-1,Central,Road,185.3,5,1.57,4,True,6105.02,5.0,32.95,0.0,2026-01
SHP00268,2026-06-22,WH-6,West,Road,942.2,5,2.98,4,True,39732.41,4.8,42.17,0.0,2026-06
SHP00269,2026-04-11,WH-4,East,Sea,940.0,14,4.0,10,True,8419.72,4.7,8.96,0.0,2026-04
SHP00270,2026-02-25,WH-1,Central,Air,1341.8,80,1.11,2,True,226717.63,4.8,168.97,0.0,2026-02
SHP00271,2026-01-20,WH-3,West,Sea,978.0,143,3.15,10,True,8773.25,4.3,8.97,0.0,2026-01
SHP00272,2026-06-15,WH-6,North,Road,635.9,24,3.07,4,True,29449.82,4.3,46.31,0.0,2026-06
SHP00273,2026-03-02,WH-4,South,Road,1022.3,41,2.7,4,True,51121.51,4.2,50.01,0.0,2026-03
SHP00274,2026-05-13,WH-3,South,Rail,1227.1,33,4.2,5,True,31511.31,3.8,25.68,0.0,2026-05
SHP00275,2026-03-28,WH-5,Central,Road,1648.8,45,5.73,4,False,83851.0,3.3,50.86,1.73,2026-03
SHP00276,2026-06-23,WH-5,South,Rail,316.5,70,1.69,5,True,8468.44,3.8,26.76,0.0,2026-06
SHP00277,2026-06-26,WH-5,South,Road,3483.7,23,8.58,4,False,166269.53,3.0,47.73,4.58,2026-06
SHP00278,2026-05-24,WH-4,North,Rail,460.3,21,2.1,5,True,13975.5,4.5,30.36,0.0,2026-05
SHP00279,2026-04-29,WH-5,North,Road,750.2,15,2.36,4,True,29456.74,4.2,39.27,0.0,2026-04
SHP00280,2026-02-27,WH-4,East,Air,1020.1,5,0.71,2,True,165407.88,4.4,162.15,0.0,2026-02
SHP00281,2026-05-16,WH-6,South,Air,910.5,6,0.86,2,True,128153.57,4.5,140.75,0.0,2026-05
SHP00282,2026-05-10,WH-6,North,Sea,800.3,40,2.55,10,True,9129.11,3.8,11.41,0.0,2026-05
SHP00283,2026-03-06,WH-1,North,Road,249.2,42,0.91,4,True,10334.58,4.7,41.47,0.0,2026-03
SHP00284,2026-01-15,WH-2,West,Air,1794.3,23,1.55,2,True,261938.85,2.9,145.98,0.0,2026-01
SHP00285,2026-03-12,WH-6,West,Rail,2138.7,16,5.21,5,True,50904.23,4.4,23.8,0.21,2026-03
SHP00286,2026-04-05,WH-6,West,Road,1530.4,10,3.82,4,True,74623.51,4.4,48.76,0.0,2026-04
SHP00287,2026-06-15,WH-5,South,Sea,1390.1,8,4.3,10,True,13512.01,4.5,9.72,0.0,2026-06
SHP00288,2026-02-21,WH-6,Central,Air,400.0,12,1.21,2,True,61319.29,4.7,153.3,0.0,2026-02
SHP00289,2026-05-09,WH-1,West,Road,1434.8,20,4.83,4,False,55914.58,3.2,38.97,0.83,2026-05
SHP00290,2026-01-16,WH-1,East,Road,567.8,21,2.2,4,True,29684.87,4.3,52.28,0.0,2026-01
SHP00291,2026-06-17,WH-1,West,Air,1999.9,15,1.62,2,True,414627.29,4.8,207.32,0.0,2026-06
SHP00292,2026-03-16,WH-4,Central,Sea,459.5,13,2.34,10,True,4559.64,4.1,9.92,0.0,2026-03
SHP00293,2026-06-09,WH-1,West,Road,1457.7,24,4.37,4,True,65424.16,4.1,44.88,0.37,2026-06
SHP00294,2026-05-19,WH-3,North,Road,1723.5,7,4.17,4,True,66279.58,3.7,38.46,0.17,2026-05
SHP00295,2026-04-25,WH-5,South,Rail,950.8,35,2.51,5,True,21481.79,3.2,22.59,0.0,2026-04
SHP00296,2026-04-09,WH-4,South,Air,971.2,40,0.68,2,True,153276.6,3.6,157.82,0.0,2026-04
SHP00297,2026-01-31,WH-4,North,Road,554.8,19,1.98,4,True,25731.14,5.0,46.38,0.0,2026-01
SHP00298,2026-06-01,WH-3,West,Rail,1100.0,9,2.86,5,True,30789.68,4.2,27.99,0.0,2026-06
SHP00299,2026-03-07,WH-1,West,Road,980.5,10,5.22,4,False,33197.54,3.0,33.86,1.22,2026-03
SHP00300,2026-01-25,WH-6,South,Rail,107.8,22,1.33,5,True,2297.41,4.7,21.31,0.0,2026-01
SHP00301,2026-02-09,WH-3,West,Rail,753.6,29,1.9,5,True,18578.12,5.0,24.65,0.0,2026-02
SHP00302,2026-04-18,WH-4,North,Rail,985.6,25,2.54,5,True,19507.21,4.4,19.79,0.0,2026-04
SHP00303,2026-03-30,WH-4,South,Road,893.4,6,2.84,4,True,37971.34,5.0,42.5,0.0,2026-03
SHP00304,2026-01-08,WH-5,West,Road,452.9,21,1.45,4,True,18366.72,4.5,40.55,0.0,2026-01
SHP00305,2026-01-27,WH-6,North,Road,1139.8,10,2.85,4,True,45890.53,5.0,40.26,0.0,2026-01
SHP00306,2026-02-28,WH-6,Central,Road,180.1,21,2.15,4,True,8343.61,4.8,46.33,0.0,2026-02
SHP00307,2026-05-28,WH-3,West,Road,731.3,51,2.66,4,True,30846.81,4.1,42.18,0.0,2026-05
SHP00308,2026-05-08,WH-2,South,Road,524.7,18,4.26,4,True,21100.5,3.7,40.21,0.26,2026-05
SHP00309,2026-05-16,WH-6,Central,Rail,523.3,27,2.19,5,True,11839.77,3.6,22.63,0.0,2026-05
SHP00310,2026-04-27,WH-5,West,Road,1852.4,37,4.55,4,False,86478.25,2.9,46.68,0.55,2026-04
SHP00311,2026-05-26,WH-2,South,Sea,1383.5,5,7.99,10,True,13663.38,4.7,9.88,0.0,2026-05
SHP00312,2026-02-10,WH-1,West,Road,1136.4,25,3.94,4,True,51570.92,5.0,45.38,0.0,2026-02
SHP00313,2026-01-18,WH-6,Central,Road,544.4,7,1.79,4,True,25451.76,4.2,46.75,0.0,2026-01
SHP00314,2026-02-27,WH-6,South,Air,504.5,14,0.53,2,True,74579.02,4.3,147.83,0.0,2026-02
SHP00315,2026-03-17,WH-2,South,Road,793.1,18,2.83,4,True,34654.84,4.0,43.7,0.0,2026-03
SHP00316,2026-03-18,WH-4,South,Rail,1291.4,140,4.64,5,True,34874.36,4.3,27.01,0.0,2026-03
SHP00317,2026-04-30,WH-1,North,Road,329.9,6,1.28,4,True,15929.39,4.6,48.29,0.0,2026-04
SHP00318,2026-06-29,WH-6,West,Road,934.6,58,3.3,4,True,42555.07,3.7,45.53,0.0,2026-06
SHP00319,2026-01-30,WH-4,West,Road,122.7,9,1.15,4,True,5801.12,4.2,47.28,0.0,2026-01
SHP00320,2026-04-26,WH-6,South,Road,990.6,30,3.24,4,True,48422.88,3.9,48.88,0.0,2026-04
SHP00321,2026-03-18,WH-2,West,Road,1180.1,87,3.18,4,True,43761.26,5.0,37.08,0.0,2026-03
SHP00322,2026-06-16,WH-6,South,Rail,745.9,28,2.29,5,True,18687.48,4.0,25.05,0.0,2026-06
SHP00323,2026-02-09,WH-2,Central,Road,1037.8,19,3.2,4,True,49550.88,3.6,47.75,0.0,2026-02
SHP00324,2026-02-10,WH-3,North,Air,400.0,78,0.45,2,True,70473.27,4.6,176.18,0.0,2026-02
SHP00325,2026-06-01,WH-4,West,Rail,2478.8,18,5.62,5,False,49275.22,3.2,19.88,0.62,2026-06
SHP00326,2026-05-26,WH-5,South,Road,787.6,15,2.19,4,True,27924.24,4.9,35.45,0.0,2026-05
SHP00327,2026-05-03,WH-5,East,Rail,339.9,15,1.02,5,True,7822.39,2.5,23.01,0.0,2026-05
SHP00328,2026-03-20,WH-3,Central,Rail,974.2,4,2.33,5,True,22858.6,5.0,23.46,0.0,2026-03
SHP00329,2026-03-30,WH-5,South,Rail,466.1,3,1.31,5,True,10689.23,4.6,22.93,0.0,2026-03
SHP00330,2026-05-07,WH-3,North,Sea,229.4,8,1.51,10,True,1998.25,4.2,8.71,0.0,2026-05
SHP00331,2026-04-19,WH-4,North,Rail,1102.4,12,5.67,5,False,28939.99,3.4,26.25,0.67,2026-04
SHP00332,2026-02-11,WH-3,East,Air,400.0,23,0.68,2,True,74986.66,4.7,187.47,0.0,2026-02
SHP00333,2026-06-03,WH-3,East,Road,852.5,17,2.44,4,True,44855.31,5.0,52.62,0.0,2026-06
SHP00334,2026-04-28,WH-4,Central,Road,1265.6,37,3.96,4,True,57651.35,4.5,45.55,0.0,2026-04
SHP00335,2026-04-28,WH-4,West,Road,1001.3,23,2.8,4,True,51360.24,4.5,51.29,0.0,2026-04
SHP00336,2026-02-23,WH-1,East,Road,338.7,19,1.11,4,True,15384.91,4.4,45.42,0.0,2026-02
SHP00337,2026-06-15,WH-6,East,Rail,57.6,8,0.54,5,True,1271.69,3.9,22.08,0.0,2026-06
SHP00338,2026-01-01,WH-1,North,Sea,912.4,10,3.26,10,True,7850.89,4.2,8.6,0.0,2026-01
SHP00339,2026-05-03,WH-4,South,Road,1171.5,78,3.06,4,True,57988.74,4.5,49.5,0.0,2026-05
SHP00340,2026-06-25,WH-6,East,Road,1413.5,26,3.87,4,True,65495.23,4.7,46.34,0.0,2026-06
SHP00341,2026-03-31,WH-2,Central,Road,884.8,3,3.11,4,True,45081.03,4.3,50.95,0.0,2026-03
SHP00342,2026-03-17,WH-5,North,Sea,409.9,39,1.77,10,True,3789.32,4.3,9.24,0.0,2026-03
SHP00343,2026-06-10,WH-5,Central,Road,470.1,29,1.52,4,True,18741.98,4.4,39.87,0.0,2026-06
SHP00344,2026-03-26,WH-1,Central,Road,936.2,19,2.93,4,True,46380.75,5.0,49.54,0.0,2026-03
SHP00345,2026-02-22,WH-2,North,Rail,158.1,22,0.69,5,True,3544.86,4.2,22.42,0.0,2026-02
SHP00346,2026-03-18,WH-6,South,Road,331.7,12,2.25,4,True,14877.62,4.4,44.85,0.0,2026-03
SHP00347,2026-06-18,WH-6,South,Road,681.0,42,2.11,4,True,22628.31,3.2,33.23,0.0,2026-06
SHP00348,2026-04-22,WH-6,Central,Air,400.0,30,1.05,2,True,64739.31,4.1,161.85,0.0,2026-04
SHP00349,2026-06-09,WH-3,North,Road,29.4,16,0.82,4,True,1380.41,4.7,46.95,0.0,2026-06
SHP00350,2026-01-25,WH-5,South,Road,721.6,13,3.04,4,True,30370.26,5.0,42.09,0.0,2026-01
SHP00351,2026-01-26,WH-5,West,Sea,675.2,21,2.44,10,True,6026.58,5.0,8.93,0.0,2026-01
SHP00352,2026-01-28,WH-3,South,Rail,829.6,25,3.39,5,True,14183.78,5.0,17.1,0.0,2026-01
SHP00353,2026-06-22,WH-3,Central,Road,412.8,8,1.65,4,True,20544.94,3.4,49.77,0.0,2026-06
SHP00354,2026-02-14,WH-3,North,Road,428.8,36,1.29,4,True,21533.72,3.9,50.22,0.0,2026-02
SHP00355,2026-03-18,WH-5,North,Road,404.5,10,1.49,4,True,18937.75,4.2,46.82,0.0,2026-03
SHP00356,2026-04-27,WH-3,South,Road,563.1,24,2.05,4,True,22469.25,4.4,39.9,0.0,2026-04
SHP00357,2026-03-30,WH-3,North,Sea,677.4,51,3.08,10,True,6942.81,4.2,10.25,0.0,2026-03
SHP00358,2026-05-05,WH-1,West,Road,478.8,12,4.04,4,True,21343.34,4.8,44.58,0.04,2026-05
SHP00359,2026-06-17,WH-4,North,Road,1811.2,18,4.83,4,False,88724.99,2.4,48.99,0.83,2026-06
SHP00360,2026-01-09,WH-6,Central,Road,1263.0,5,5.0,4,False,48204.01,3.1,38.17,1.0,2026-01
SHP00361,2026-06-28,WH-5,West,Road,1007.9,18,3.14,4,True,43243.89,5.0,42.9,0.0,2026-06
SHP00362,2026-03-23,WH-3,West,Road,269.5,46,2.37,4,True,10029.83,4.7,37.22,0.0,2026-03
SHP00363,2026-01-14,WH-3,West,Road,890.7,18,3.58,4,True,41104.54,3.9,46.15,0.0,2026-01
SHP00364,2026-01-07,WH-5,West,Sea,252.3,13,1.59,10,True,2566.64,4.4,10.17,0.0,2026-01
SHP00365,2026-05-06,WH-3,West,Road,77.3,27,0.6,4,True,3594.72,5.0,46.5,0.0,2026-05
SHP00366,2026-02-28,WH-6,West,Sea,1098.7,21,3.27,10,True,10687.75,3.6,9.73,0.0,2026-02
SHP00367,2026-06-21,WH-6,Central,Sea,1262.4,31,4.19,10,True,13463.4,4.3,10.66,0.0,2026-06
SHP00368,2026-04-26,WH-3,West,Sea,351.5,3,2.6,10,True,3456.1,3.8,9.83,0.0,2026-04
SHP00369,2026-01-15,WH-3,South,Road,486.3,30,1.95,4,True,21091.31,4.5,43.37,0.0,2026-01
SHP00370,2026-04-08,WH-5,South,Road,587.9,7,1.72,4,True,25253.01,4.0,42.95,0.0,2026-04
SHP00371,2026-04-03,WH-6,South,Sea,319.2,28,1.33,10,True,3495.08,5.0,10.95,0.0,2026-04
SHP00372,2026-05-28,WH-5,South,Sea,1112.7,49,3.66,10,True,8179.7,4.8,7.35,0.0,2026-05
SHP00373,2026-06-15,WH-5,South,Sea,3230.7,27,9.01,10,True,32927.07,4.3,10.19,0.0,2026-06
SHP00374,2026-04-15,WH-2,West,Air,629.4,37,0.74,2,True,94774.27,5.0,150.58,0.0,2026-04
SHP00375,2026-03-20,WH-1,West,Sea,507.0,19,4.59,10,True,4873.35,3.4,9.61,0.0,2026-03
SHP00376,2026-02-21,WH-1,West,Sea,911.4,25,3.47,10,True,6984.21,4.5,7.66,0.0,2026-02
SHP00377,2026-03-01,WH-1,North,Road,251.7,42,1.67,4,True,10740.36,4.3,42.67,0.0,2026-03
SHP00378,2026-04-20,WH-1,South,Road,509.2,9,3.87,4,True,24918.78,4.3,48.94,0.0,2026-04
SHP00379,2026-03-02,WH-3,West,Road,210.1,16,1.52,4,True,8947.38,4.5,42.59,0.0,2026-03
SHP00380,2026-03-19,WH-6,Central,Sea,2713.2,75,7.61,10,True,28357.26,3.8,10.45,0.0,2026-03
SHP00381,2026-05-26,WH-2,West,Road,1909.0,12,5.41,4,False,75230.42,3.0,39.41,1.41,2026-05
SHP00382,2026-04-29,WH-6,West,Road,2030.9,71,5.38,4,False,87655.59,4.0,43.16,1.38,2026-04
SHP00383,2026-05-15,WH-3,West,Rail,759.3,91,2.65,5,True,19457.19,4.7,25.63,0.0,2026-05
SHP00384,2026-06-19,WH-3,South,Road,2014.6,22,5.25,4,False,95450.69,2.9,47.38,1.25,2026-06
SHP00385,2026-01-13,WH-2,East,Road,189.6,8,0.77,4,True,9448.26,4.0,49.83,0.0,2026-01
SHP00386,2026-02-26,WH-1,North,Road,564.3,9,1.83,4,True,24548.44,4.6,43.5,0.0,2026-02
SHP00387,2026-05-25,WH-5,Central,Rail,1806.0,8,4.6,5,True,34371.22,4.8,19.03,0.0,2026-05
SHP00388,2026-01-15,WH-3,Central,Road,1673.6,96,4.25,4,True,72516.73,3.3,43.33,0.25,2026-01
SHP00389,2026-04-17,WH-3,South,Road,912.6,29,2.63,4,True,46227.7,4.2,50.65,0.0,2026-04
SHP00390,2026-06-06,WH-2,North,Road,1776.9,15,5.02,4,False,99630.62,2.7,56.07,1.02,2026-06
SHP00391,2026-06-03,WH-4,South,Road,646.1,10,2.54,4,True,19513.67,4.2,30.2,0.0,2026-06
SHP00392,2026-06-17,WH-4,North,Road,146.0,43,3.07,4,True,6922.86,4.9,47.42,0.0,2026-06
SHP00393,2026-02-13,WH-2,Central,Rail,1088.9,15,3.21,5,True,22874.83,5.0,21.01,0.0,2026-02
SHP00394,2026-04-11,WH-3,South,Sea,612.5,15,4.14,10,True,6099.71,3.7,9.96,0.0,2026-04
SHP00395,2026-05-01,WH-5,North,Road,935.2,28,2.77,4,True,45322.33,4.4,48.46,0.0,2026-05
SHP00396,2026-05-25,WH-2,South,Road,1094.3,26,3.24,4,True,37045.11,5.0,33.85,0.0,2026-05
SHP00397,2026-01-12,WH-2,Central,Air,400.0,7,1.03,2,True,69768.79,5.0,174.42,0.0,2026-01
SHP00398,2026-04-22,WH-2,South,Road,249.9,18,1.45,4,True,9893.92,3.2,39.59,0.0,2026-04
SHP00399,2026-05-09,WH-1,Central,Sea,1082.3,23,3.43,10,True,10452.79,4.5,9.66,0.0,2026-05
SHP00400,2026-03-11,WH-5,North,Road,440.7,19,1.83,4,True,15671.41,4.0,35.56,0.0,2026-03
SHP00401,2026-01-26,WH-2,East,Air,402.9,14,0.81,2,True,77906.21,4.8,193.36,0.0,2026-01
SHP00402,2026-03-25,WH-5,South,Road,688.3,77,2.13,4,True,36918.56,3.9,53.64,0.0,2026-03
SHP00403,2026-06-13,WH-2,West,Sea,536.8,23,2.48,10,True,4033.93,4.0,7.51,0.0,2026-06
SHP00404,2026-02-22,WH-2,North,Road,333.1,23,1.76,4,True,12406.31,3.8,37.25,0.0,2026-02
SHP00405,2026-06-05,WH-4,West,Sea,671.1,28,2.08,10,True,7089.5,4.2,10.56,0.0,2026-06
SHP00406,2026-05-21,WH-5,West,Sea,610.8,25,2.03,10,True,6402.77,4.5,10.48,0.0,2026-05
SHP00407,2026-03-26,WH-4,West,Road,806.0,34,2.94,4,True,31175.96,4.2,38.68,0.0,2026-03
SHP00408,2026-05-24,WH-3,Central,Road,147.4,13,0.64,4,True,7250.0,4.4,49.19,0.0,2026-05
SHP00409,2026-02-25,WH-4,South,Rail,421.4,12,2.71,5,True,6410.65,4.7,15.21,0.0,2026-02
SHP00410,2026-05-01,WH-3,Central,Sea,218.6,10,5.73,10,True,1719.99,4.3,7.87,0.0,2026-05
SHP00411,2026-01-09,WH-5,South,Road,490.9,12,2.07,4,True,18687.48,5.0,38.07,0.0,2026-01
SHP00412,2026-04-08,WH-5,South,Road,490.8,14,3.06,4,True,18850.64,4.6,38.41,0.0,2026-04
SHP00413,2026-02-28,WH-1,West,Road,257.0,17,1.49,4,True,11271.03,4.5,43.86,0.0,2026-02
SHP00414,2026-05-04,WH-1,South,Road,633.3,84,2.11,4,True,28928.02,5.0,45.68,0.0,2026-05
SHP00415,2026-05-04,WH-2,West,Sea,582.2,3,5.25,10,True,6385.2,3.3,10.97,0.0,2026-05
SHP00416,2026-02-14,WH-6,East,Sea,708.5,15,2.87,10,True,6159.91,4.1,8.69,0.0,2026-02
SHP00417,2026-02-11,WH-2,Central,Road,291.6,19,1.18,4,True,11852.72,3.8,40.65,0.0,2026-02
SHP00418,2026-02-18,WH-6,Central,Rail,683.0,14,2.09,5,True,16510.93,4.3,24.17,0.0,2026-02
SHP00419,2026-04-05,WH-2,East,Road,1211.3,16,3.55,4,True,57692.42,2.6,47.63,0.0,2026-04
SHP00420,2026-01-18,WH-5,South,Sea,966.3,35,3.58,10,True,11062.03,3.9,11.45,0.0,2026-01
SHP00421,2026-04-19,WH-4,North,Road,1520.9,86,4.03,4,True,64859.44,4.7,42.65,0.03,2026-04
SHP00422,2026-02-11,WH-6,Central,Rail,1436.1,16,3.4,5,True,33349.35,4.6,23.22,0.0,2026-02
SHP00423,2026-05-12,WH-5,East,Road,650.7,52,1.95,4,True,29257.42,5.0,44.96,0.0,2026-05
SHP00424,2026-04-09,WH-3,East,Road,624.0,17,2.4,4,True,24405.86,4.8,39.11,0.0,2026-04
SHP00425,2026-04-13,WH-6,South,Road,978.9,47,3.0,4,True,43962.91,4.3,44.91,0.0,2026-04
SHP00426,2026-06-28,WH-6,South,Sea,314.1,11,1.93,10,True,2566.01,4.6,8.17,0.0,2026-06
SHP00427,2026-05-05,WH-4,West,Road,88.3,18,0.81,4,True,3686.57,3.8,41.75,0.0,2026-05
SHP00428,2026-03-15,WH-2,South,Sea,411.1,53,4.59,10,True,4348.05,4.3,10.58,0.0,2026-03
SHP00429,2026-05-06,WH-3,East,Sea,652.4,43,2.39,10,True,6834.16,3.9,10.48,0.0,2026-05
SHP00430,2026-01-07,WH-1,North,Road,836.4,9,2.84,4,True,40664.84,3.7,48.62,0.0,2026-01
SHP00431,2026-01-03,WH-3,Central,Sea,667.3,48,3.23,10,True,5674.47,3.7,8.5,0.0,2026-01
SHP00432,2026-03-18,WH-2,South,Rail,921.7,53,2.83,5,True,18818.27,4.1,20.42,0.0,2026-03
SHP00433,2026-02-10,WH-5,West,Rail,117.1,50,0.95,5,True,3701.2,4.5,31.61,0.0,2026-02
SHP00434,2026-04-16,WH-2,West,Road,129.6,14,0.99,4,True,5707.37,4.6,44.04,0.0,2026-04
SHP00435,2026-02-08,WH-4,North,Road,325.4,28,1.12,4,True,15588.68,4.2,47.91,0.0,2026-02
SHP00436,2026-02-18,WH-5,West,Sea,799.0,79,2.43,10,True,5476.24,3.4,6.85,0.0,2026-02
SHP00437,2026-03-23,WH-4,East,Road,425.5,23,1.69,4,True,16706.47,4.7,39.26,0.0,2026-03
SHP00438,2026-01-24,WH-4,South,Road,546.7,45,1.71,4,True,19813.24,4.2,36.24,0.0,2026-01
SHP00439,2026-02-17,WH-2,West,Sea,286.8,10,1.63,10,True,3078.06,3.9,10.73,0.0,2026-02
SHP00440,2026-06-04,WH-2,Central,Road,292.2,5,2.68,4,True,11184.76,5.0,38.28,0.0,2026-06
SHP00441,2026-03-25,WH-3,South,Air,1314.5,48,1.34,2,True,207294.96,3.8,157.7,0.0,2026-03
SHP00442,2026-06-13,WH-4,Central,Rail,38.9,15,0.7,5,True,729.37,3.8,18.75,0.0,2026-06
SHP00443,2026-05-24,WH-3,South,Road,1199.8,45,3.77,4,True,54270.12,4.5,45.23,0.0,2026-05
SHP00444,2026-04-12,WH-3,West,Road,419.9,15,1.89,4,True,19536.14,4.7,46.53,0.0,2026-04
SHP00445,2026-04-03,WH-2,North,Sea,1035.6,24,3.86,10,True,9477.13,4.5,9.15,0.0,2026-04
SHP00446,2026-06-25,WH-4,Central,Road,397.4,13,1.5,4,True,19476.69,5.0,49.01,0.0,2026-06
SHP00447,2026-06-13,WH-2,West,Rail,1996.7,8,4.98,5,True,52200.82,3.1,26.14,0.0,2026-06
SHP00448,2026-03-11,WH-2,South,Rail,741.0,24,2.51,5,True,16074.97,4.3,21.69,0.0,2026-03
SHP00449,2026-04-26,WH-5,North,Road,764.8,33,4.15,4,True,30952.18,4.2,40.47,0.15,2026-04
SHP00450,2026-01-16,WH-4,Central,Sea,647.8,29,2.52,10,True,6069.24,4.9,9.37,0.0,2026-01
SHP00451,2026-04-13,WH-3,Central,Road,646.6,5,6.94,4,False,27282.23,2.2,42.19,2.94,2026-04
SHP00452,2026-03-18,WH-4,East,Rail,949.5,13,2.45,5,True,19519.88,4.1,20.56,0.0,2026-03
SHP00453,2026-04-11,WH-4,North,Rail,832.1,14,2.55,5,True,21764.25,5.0,26.16,0.0,2026-04
SHP00454,2026-01-17,WH-5,South,Road,1635.9,53,6.59,4,False,73923.45,2.3,45.19,2.59,2026-01
SHP00455,2026-05-03,WH-3,West,Road,1111.5,68,3.16,4,True,40829.17,4.6,36.73,0.0,2026-05
SHP00456,2026-03-03,WH-1,South,Road,974.5,61,2.7,4,True,47002.5,5.0,48.23,0.0,2026-03
SHP00457,2026-01-14,WH-3,North,Sea,576.4,23,2.34,10,True,6646.57,3.9,11.53,0.0,2026-01
SHP00458,2026-04-28,WH-5,North,Air,689.2,18,0.71,2,True,105918.91,3.9,153.68,0.0,2026-04
SHP00459,2026-01-25,WH-4,South,Road,944.1,25,2.68,4,True,47638.2,4.9,50.46,0.0,2026-01
SHP00460,2026-02-27,WH-5,South,Road,732.3,12,2.25,4,True,27879.21,4.4,38.07,0.0,2026-02
SHP00461,2026-05-06,WH-1,South,Road,482.6,42,2.17,4,True,18854.34,4.9,39.07,0.0,2026-05
SHP00462,2026-02-15,WH-4,North,Rail,199.5,40,1.01,5,True,5337.74,4.6,26.76,0.0,2026-02
SHP00463,2026-01-05,WH-3,North,Air,823.8,22,0.95,2,True,147941.65,3.9,179.58,0.0,2026-01
SHP00464,2026-04-21,WH-1,North,Sea,634.0,23,2.28,10,True,6185.95,4.0,9.76,0.0,2026-04
SHP00465,2026-01-23,WH-3,West,Road,709.9,16,2.7,4,True,20264.06,4.6,28.54,0.0,2026-01
SHP00466,2026-06-15,WH-2,South,Sea,1111.5,65,6.09,10,True,9520.44,2.6,8.57,0.0,2026-06
SHP00467,2026-03-30,WH-2,East,Sea,307.5,108,2.09,10,True,3371.9,4.6,10.97,0.0,2026-03
SHP00468,2026-03-11,WH-3,East,Road,1516.8,6,4.06,4,True,64899.75,3.3,42.79,0.06,2026-03
SHP00469,2026-03-18,WH-4,North,Road,461.3,20,1.52,4,True,21164.41,5.0,45.88,0.0,2026-03
SHP00470,2026-06-26,WH-2,North,Sea,614.6,24,1.92,10,True,5666.07,4.6,9.22,0.0,2026-06
SHP00471,2026-03-08,WH-1,West,Rail,1107.8,25,5.42,5,True,25839.22,3.7,23.32,0.42,2026-03
SHP00472,2026-06-17,WH-3,North,Rail,244.7,12,0.98,5,True,4382.29,5.0,17.91,0.0,2026-06
SHP00473,2026-01-31,WH-3,South,Road,130.6,20,1.98,4,True,6077.56,4.3,46.54,0.0,2026-01
SHP00474,2026-01-25,WH-4,West,Sea,1749.2,20,5.04,10,True,16886.2,4.3,9.65,0.0,2026-01
SHP00475,2026-04-04,WH-4,North,Sea,750.2,12,3.0,10,True,7136.82,4.6,9.51,0.0,2026-04
SHP00476,2026-01-16,WH-2,West,Road,577.5,10,2.5,4,True,27033.1,4.2,46.81,0.0,2026-01
SHP00477,2026-01-15,WH-5,West,Road,1023.2,7,3.22,4,True,39403.97,4.5,38.51,0.0,2026-01
SHP00478,2026-01-14,WH-5,North,Air,400.0,23,0.85,2,True,70420.16,3.1,176.05,0.0,2026-01
SHP00479,2026-05-31,WH-2,West,Road,463.4,18,1.86,4,True,21321.79,4.5,46.01,0.0,2026-05
SHP00480,2026-03-15,WH-1,East,Road,315.1,13,1.86,4,True,17365.2,5.0,55.11,0.0,2026-03
SHP00481,2026-01-17,WH-4,South,Sea,648.2,7,4.3,10,True,6099.74,3.4,9.41,0.0,2026-01
SHP00482,2026-06-24,WH-5,West,Sea,811.6,16,3.09,10,True,7680.35,3.6,9.46,0.0,2026-06
SHP00483,2026-04-01,WH-6,North,Sea,1035.6,17,3.27,10,True,10843.94,3.7,10.47,0.0,2026-04
SHP00484,2026-01-31,WH-3,North,Road,799.1,45,2.18,4,True,30671.29,4.8,38.38,0.0,2026-01
SHP00485,2026-01-15,WH-4,North,Road,1575.0,44,4.56,4,False,72205.29,3.0,45.84,0.56,2026-01
SHP00486,2026-02-19,WH-6,North,Air,617.7,15,0.65,2,True,109807.39,3.9,177.77,0.0,2026-02
SHP00487,2026-06-20,WH-2,West,Road,1126.7,20,3.46,4,True,48820.61,4.0,43.33,0.0,2026-06
SHP00488,2026-04-07,WH-2,East,Rail,121.0,16,0.69,5,True,2255.39,4.9,18.64,0.0,2026-04
SHP00489,2026-06-05,WH-6,East,Road,187.7,12,1.49,4,True,8292.15,5.0,44.18,0.0,2026-06
SHP00490,2026-01-24,WH-3,West,Sea,1053.8,26,3.29,10,True,9707.64,4.1,9.21,0.0,2026-01
SHP00491,2026-01-07,WH-5,East,Road,310.1,33,1.08,4,True,12851.36,5.0,41.44,0.0,2026-01
SHP00492,2026-05-28,WH-2,Central,Rail,468.4,9,1.59,5,True,9998.05,4.0,21.35,0.0,2026-05
SHP00493,2026-02-17,WH-1,East,Road,712.8,10,2.14,4,True,30191.32,3.9,42.36,0.0,2026-02
SHP00494,2026-06-10,WH-6,Central,Rail,619.3,46,1.71,5,True,13902.25,4.9,22.45,0.0,2026-06
SHP00495,2026-04-03,WH-2,Central,Rail,2377.3,52,5.28,5,True,52650.03,4.7,22.15,0.28,2026-04
SHP00496,2026-02-02,WH-3,East,Air,400.0,17,1.45,2,True,58159.59,5.0,145.4,0.0,2026-02
SHP00497,2026-05-19,WH-6,West,Road,265.4,28,2.02,4,True,13266.69,4.6,49.99,0.0,2026-05
SHP00498,2026-01-09,WH-5,East,Air,400.0,13,2.44,2,True,59293.16,5.0,148.23,0.44,2026-01
SHP00499,2026-04-23,WH-1,South,Road,1363.1,8,3.54,4,True,49176.56,4.0,36.08,0.0,2026-04
SHP00500,2026-02-25,WH-1,North,Road,835.0,24,2.25,4,True,41692.92,4.7,49.93,0.0,2026-02
SHP00501,2026-02-27,WH-1,Central,Road,422.1,20,2.07,4,True,13902.28,5.0,32.94,0.0,2026-02
SHP00502,2026-05-25,WH-4,West,Road,2340.6,35,6.22,4,False,93699.68,3.0,40.03,2.22,2026-05
SHP00503,2026-04-01,WH-6,East,Road,1948.9,24,5.65,4,False,90729.39,2.5,46.55,1.65,2026-04
SHP00504,2026-03-03,WH-3,Central,Air,400.0,43,0.5,2,True,73584.17,5.0,183.96,0.0,2026-03
SHP00505,2026-04-16,WH-4,South,Road,1880.8,4,5.0,4,False,85134.9,4.3,45.27,1.0,2026-04
SHP00506,2026-03-31,WH-4,South,Road,401.3,12,1.3,4,True,18160.49,4.6,45.25,0.0,2026-03
SHP00507,2026-06-20,WH-4,West,Road,482.8,10,1.47,4,True,24437.53,4.1,50.62,0.0,2026-06
SHP00508,2026-05-01,WH-2,North,Air,1704.4,22,1.33,2,True,287163.06,3.8,168.48,0.0,2026-05
SHP00509,2026-03-19,WH-3,North,Air,1225.6,129,2.32,2,True,160443.69,4.0,130.91,0.32,2026-03
SHP00510,2026-06-15,WH-3,North,Rail,1051.5,27,2.84,5,True,23220.91,5.0,22.08,0.0,2026-06
SHP00511,2026-01-11,WH-2,Central,Air,779.4,21,1.38,2,True,131197.13,3.8,168.33,0.0,2026-01
SHP00512,2026-03-05,WH-3,East,Road,1012.9,20,2.93,4,True,35930.34,4.9,35.47,0.0,2026-03
SHP00513,2026-04-26,WH-5,North,Sea,537.7,19,2.54,10,True,4959.0,4.4,9.22,0.0,2026-04
SHP00514,2026-05-21,WH-1,West,Air,884.8,39,1.28,2,True,148372.5,5.0,167.69,0.0,2026-05
SHP00515,2026-03-16,WH-1,Central,Air,1077.7,61,1.5,2,True,185449.07,4.7,172.08,0.0,2026-03
SHP00516,2026-02-10,WH-5,North,Road,1114.1,8,3.19,4,True,51759.4,4.1,46.46,0.0,2026-02
SHP00517,2026-05-07,WH-1,South,Road,243.8,37,1.52,4,True,8366.27,4.3,34.32,0.0,2026-05
SHP00518,2026-04-20,WH-1,North,Road,351.2,8,2.26,4,True,16387.75,5.0,46.66,0.0,2026-04
SHP00519,2026-06-10,WH-4,South,Rail,763.6,14,2.07,5,True,19818.41,4.5,25.95,0.0,2026-06
SHP00520,2026-05-30,WH-2,West,Road,340.0,3,1.23,4,True,11576.19,4.1,34.05,0.0,2026-05
SHP00521,2026-01-12,WH-6,Central,Air,787.8,18,1.03,2,True,149728.42,4.1,190.06,0.0,2026-01
SHP00522,2026-04-10,WH-6,North,Road,573.0,28,2.26,4,True,22602.32,4.8,39.45,0.0,2026-04
SHP00523,2026-04-16,WH-6,East,Air,493.0,17,1.12,2,True,84318.59,5.0,171.03,0.0,2026-04
SHP00524,2026-05-08,WH-1,Central,Road,177.9,34,1.31,4,True,9346.4,4.9,52.54,0.0,2026-05
SHP00525,2026-05-18,WH-4,East,Road,197.3,16,1.11,4,True,9317.64,5.0,47.23,0.0,2026-05
SHP00526,2026-02-03,WH-1,North,Air,1359.1,13,1.44,2,True,261924.67,4.1,192.72,0.0,2026-02
SHP00527,2026-01-24,WH-3,West,Sea,787.7,53,2.84,10,True,7867.85,4.7,9.99,0.0,2026-01
SHP00528,2026-02-08,WH-6,East,Road,1288.6,8,3.88,4,True,45322.9,4.0,35.17,0.0,2026-02
SHP00529,2026-02-25,WH-1,East,Air,400.0,64,0.83,2,True,75765.97,4.2,189.41,0.0,2026-02
SHP00530,2026-06-17,WH-4,South,Road,642.0,4,1.94,4,True,29668.15,3.9,46.21,0.0,2026-06
SHP00531,2026-02-06,WH-3,East,Rail,812.3,30,2.44,5,True,19005.95,4.2,23.4,0.0,2026-02
SHP00532,2026-06-01,WH-3,East,Road,890.7,10,2.44,4,True,33731.42,4.3,37.87,0.0,2026-06
SHP00533,2026-05-18,WH-5,West,Rail,146.3,11,0.87,5,True,3924.92,4.3,26.83,0.0,2026-05
SHP00534,2026-02-20,WH-1,Central,Road,389.1,23,1.65,4,True,21976.9,4.7,56.48,0.0,2026-02
SHP00535,2026-02-20,WH-4,South,Road,1257.5,10,4.64,4,False,59073.35,1.0,46.98,0.64,2026-02
SHP00536,2026-02-03,WH-1,West,Sea,868.5,27,3.33,10,True,6704.28,3.9,7.72,0.0,2026-02
SHP00537,2026-04-17,WH-5,South,Sea,2005.3,51,6.06,10,True,19662.62,5.0,9.81,0.0,2026-04
SHP00538,2026-01-20,WH-3,North,Road,672.3,61,2.28,4,True,34120.09,4.6,50.75,0.0,2026-01
SHP00539,2026-03-11,WH-6,Central,Air,400.0,21,0.69,2,True,54219.88,3.8,135.55,0.0,2026-03
SHP00540,2026-05-03,WH-6,South,Road,227.2,44,1.34,4,True,10191.28,5.0,44.86,0.0,2026-05
SHP00541,2026-03-11,WH-5,West,Road,1327.1,6,4.07,4,True,44842.45,4.6,33.79,0.07,2026-03
SHP00542,2026-03-18,WH-4,North,Rail,324.9,20,1.26,5,True,6358.39,4.2,19.57,0.0,2026-03
SHP00543,2026-03-15,WH-1,West,Road,487.0,4,2.89,4,True,21383.06,3.7,43.91,0.0,2026-03
SHP00544,2026-06-11,WH-6,Central,Sea,281.6,19,1.76,10,True,3404.17,4.3,12.09,0.0,2026-06
SHP00545,2026-03-27,WH-4,East,Air,1040.6,12,1.06,2,True,159026.04,3.8,152.82,0.0,2026-03
SHP00546,2026-02-16,WH-6,South,Sea,807.0,25,3.19,10,True,9557.26,4.8,11.84,0.0,2026-02
SHP00547,2026-04-12,WH-2,South,Air,734.2,113,0.58,2,True,124184.04,4.0,169.14,0.0,2026-04
SHP00548,2026-05-22,WH-1,West,Road,509.2,22,2.51,4,True,21883.54,5.0,42.98,0.0,2026-05
SHP00549,2026-02-28,WH-6,North,Sea,1399.0,46,4.46,10,True,13579.81,4.7,9.71,0.0,2026-02
SHP00550,2026-02-14,WH-1,North,Sea,488.4,106,2.93,10,True,3929.71,5.0,8.05,0.0,2026-02
SHP00551,2026-03-24,WH-1,West,Air,735.7,7,1.28,2,True,113420.78,3.3,154.17,0.0,2026-03
SHP00552,2026-03-02,WH-4,North,Road,344.7,11,1.9,4,True,16252.77,4.6,47.15,0.0,2026-03
SHP00553,2026-04-23,WH-3,East,Road,1617.4,9,4.21,4,True,73247.47,4.0,45.29,0.21,2026-04
SHP00554,2026-05-10,WH-2,North,Road,1081.8,10,3.48,4,True,43195.59,4.3,39.93,0.0,2026-05
SHP00555,2026-05-08,WH-3,East,Road,403.6,38,1.61,4,True,19059.58,3.5,47.22,0.0,2026-05
SHP00556,2026-04-09,WH-1,North,Sea,623.4,6,2.42,10,True,4605.68,2.5,7.39,0.0,2026-04
SHP00557,2026-03-31,WH-1,West,Road,2171.5,24,5.24,4,False,94924.86,2.7,43.71,1.24,2026-03
SHP00558,2026-01-23,WH-4,North,Road,383.1,23,1.32,4,True,18542.93,5.0,48.4,0.0,2026-01
SHP00559,2026-05-04,WH-5,South,Air,694.6,14,8.6,2,False,138533.24,2.9,199.44,6.6,2026-05
SHP00560,2026-06-24,WH-5,North,Road,869.3,16,2.41,4,True,31445.26,4.8,36.17,0.0,2026-06
SHP00561,2026-02-08,WH-5,North,Road,314.5,35,3.94,4,True,11995.34,3.7,38.14,0.0,2026-02
SHP00562,2026-03-02,WH-5,West,Road,1666.7,19,4.08,4,True,72550.46,3.9,43.53,0.08,2026-03
SHP00563,2026-01-30,WH-6,West,Sea,629.6,7,2.74,10,True,5411.55,4.6,8.6,0.0,2026-01
SHP00564,2026-02-03,WH-4,North,Air,728.4,26,0.72,2,True,140965.78,4.7,193.53,0.0,2026-02
SHP00565,2026-05-27,WH-6,Central,Sea,20.0,60,0.88,10,True,517.04,3.7,25.85,0.0,2026-05
SHP00566,2026-03-19,WH-3,West,Road,317.6,11,1.8,4,True,13272.39,4.5,41.79,0.0,2026-03
SHP00567,2026-04-10,WH-4,Central,Air,400.0,20,1.13,2,True,52931.13,5.0,132.33,0.0,2026-04
SHP00568,2026-05-26,WH-1,East,Rail,203.8,20,3.37,5,True,4252.02,4.2,20.86,0.0,2026-05
SHP00569,2026-01-05,WH-6,North,Sea,419.0,6,2.12,10,True,3729.06,3.9,8.9,0.0,2026-01
SHP00570,2026-03-10,WH-3,North,Rail,799.5,22,2.75,5,True,17705.66,4.0,22.15,0.0,2026-03
SHP00571,2026-04-23,WH-4,Central,Sea,604.4,33,3.47,10,True,5623.41,3.1,9.3,0.0,2026-04
SHP00572,2026-01-24,WH-2,Central,Rail,1770.8,39,3.89,5,True,34804.63,4.5,19.65,0.0,2026-01
SHP00573,2026-05-19,WH-6,South,Sea,956.9,4,2.86,10,True,7291.55,4.2,7.62,0.0,2026-05
SHP00574,2026-02-06,WH-6,West,Road,461.7,8,1.65,4,True,20438.54,4.6,44.27,0.0,2026-02
SHP00575,2026-05-29,WH-6,South,Sea,760.5,15,3.04,10,True,6172.45,4.7,8.12,0.0,2026-05
SHP00576,2026-01-12,WH-1,East,Road,486.4,24,7.57,4,False,21224.21,2.3,43.64,3.57,2026-01
SHP00577,2026-04-20,WH-4,East,Road,965.8,15,3.27,4,True,47133.8,4.0,48.8,0.0,2026-04
SHP00578,2026-05-28,WH-3,Central,Road,706.0,16,2.72,4,True,25159.08,5.0,35.64,0.0,2026-05
SHP00579,2026-03-02,WH-2,North,Road,345.3,32,1.26,4,True,15251.99,4.8,44.17,0.0,2026-03
SHP00580,2026-02-21,WH-3,South,Road,897.3,108,2.65,4,True,52795.87,3.0,58.84,0.0,2026-02
SHP00581,2026-04-22,WH-3,South,Road,574.6,29,2.02,4,True,26820.58,4.0,46.68,0.0,2026-04
SHP00582,2026-03-04,WH-2,Central,Road,476.0,86,2.12,4,True,20862.97,3.0,43.83,0.0,2026-03
SHP00583,2026-04-16,WH-2,North,Sea,346.5,25,2.44,10,True,3945.67,3.4,11.39,0.0,2026-04
SHP00584,2026-03-02,WH-2,South,Road,1981.5,32,4.79,4,False,80535.66,2.0,40.64,0.79,2026-03
SHP00585,2026-04-17,WH-6,North,Sea,535.6,24,2.33,10,True,4531.18,4.6,8.46,0.0,2026-04
SHP00586,2026-06-13,WH-3,East,Rail,76.7,19,0.53,5,True,1885.39,3.1,24.58,0.0,2026-06
SHP00587,2026-04-23,WH-3,West,Sea,776.6,14,2.96,10,True,6594.27,2.9,8.49,0.0,2026-04
SHP00588,2026-01-23,WH-2,North,Road,506.0,5,5.02,4,False,20382.3,2.6,40.28,1.02,2026-01
SHP00589,2026-01-14,WH-4,North,Rail,967.4,29,2.39,5,True,22782.61,4.3,23.55,0.0,2026-01
SHP00590,2026-03-01,WH-5,West,Road,833.2,48,2.96,4,True,37073.65,4.5,44.5,0.0,2026-03
SHP00591,2026-06-08,WH-5,West,Road,671.5,48,2.24,4,True,22458.62,4.0,33.45,0.0,2026-06
SHP00592,2026-03-10,WH-5,South,Road,312.3,31,1.19,4,True,15648.83,4.4,50.11,0.0,2026-03
SHP00593,2026-06-10,WH-5,South,Road,1170.0,12,3.51,4,True,52135.38,5.0,44.56,0.0,2026-06
SHP00594,2026-03-28,WH-2,South,Road,74.2,18,1.14,4,True,3788.01,3.8,51.05,0.0,2026-03
SHP00595,2026-05-11,WH-5,Central,Sea,294.1,43,2.19,10,True,2862.44,4.5,9.73,0.0,2026-05
SHP00596,2026-03-13,WH-4,East,Road,136.5,6,0.66,4,True,6496.28,4.1,47.59,0.0,2026-03
SHP00597,2026-01-08,WH-4,Central,Road,136.3,24,1.09,4,True,6904.33,4.6,50.66,0.0,2026-01
SHP00598,2026-01-12,WH-5,East,Road,1258.1,14,8.29,4,False,64744.89,3.5,51.46,4.29,2026-01
SHP00599,2026-05-05,WH-4,South,Road,2491.8,17,6.17,4,False,124513.59,3.6,49.97,2.17,2026-05
SHP00600,2026-05-03,WH-5,South,Road,259.5,109,0.92,4,True,11012.7,5.0,42.44,0.0,2026-05
SHP00601,2026-03-23,WH-3,West,Road,381.2,46,1.9,4,True,17739.09,4.6,46.53,0.0,2026-03
SHP00602,2026-06-09,WH-1,East,Road,179.3,13,0.99,4,True,7849.39,4.7,43.78,0.0,2026-06
SHP00603,2026-02-02,WH-3,East,Road,2346.9,23,5.91,4,False,101733.79,4.0,43.35,1.91,2026-02
SHP00604,2026-03-08,WH-6,South,Sea,601.8,16,2.83,10,True,5256.07,3.3,8.73,0.0,2026-03
SHP00605,2026-04-10,WH-6,North,Rail,2131.3,17,4.58,5,True,57040.66,4.6,26.76,0.0,2026-04
SHP00606,2026-02-10,WH-5,North,Road,497.9,22,2.11,4,True,18348.68,3.9,36.85,0.0,2026-02
SHP00607,2026-03-18,WH-5,West,Sea,433.3,9,2.33,10,True,4142.62,4.8,9.56,0.0,2026-03
SHP00608,2026-06-12,WH-3,South,Sea,1794.2,27,6.72,10,True,18174.38,5.0,10.13,0.0,2026-06
SHP00609,2026-05-23,WH-3,North,Sea,602.7,9,4.56,10,True,6977.94,4.7,11.58,0.0,2026-05
SHP00610,2026-04-05,WH-6,South,Road,208.7,12,0.83,4,True,9460.6,4.4,45.33,0.0,2026-04
SHP00611,2026-04-22,WH-6,Central,Road,578.6,10,2.07,4,True,27454.93,4.5,47.45,0.0,2026-04
SHP00612,2026-02-25,WH-4,West,Road,311.9,47,3.56,4,True,15456.36,3.6,49.56,0.0,2026-02
SHP00613,2026-02-07,WH-4,West,Road,1130.7,10,3.61,4,True,52178.22,3.7,46.15,0.0,2026-02
SHP00614,2026-01-17,WH-1,South,Air,1640.9,23,1.4,2,True,311322.05,4.3,189.73,0.0,2026-01
SHP00615,2026-04-11,WH-2,Central,Road,667.0,20,5.36,4,False,21781.02,2.9,32.66,1.36,2026-04
SHP00616,2026-05-05,WH-3,North,Rail,494.6,6,6.09,5,False,10774.23,2.6,21.78,1.09,2026-05
SHP00617,2026-03-18,WH-1,North,Road,282.4,6,1.15,4,True,11677.33,4.8,41.35,0.0,2026-03
SHP00618,2026-02-25,WH-1,East,Road,1356.7,5,5.4,4,False,59704.12,3.4,44.01,1.4,2026-02
SHP00619,2026-02-04,WH-4,East,Sea,536.7,7,4.6,10,True,5124.04,4.1,9.55,0.0,2026-02
SHP00620,2026-05-06,WH-1,North,Sea,751.0,47,2.34,10,True,7702.74,5.0,10.26,0.0,2026-05
SHP00621,2026-06-18,WH-4,East,Road,1320.1,8,3.5,4,True,45278.94,3.5,34.3,0.0,2026-06
SHP00622,2026-03-21,WH-2,North,Road,672.9,16,2.98,4,True,34325.92,4.7,51.01,0.0,2026-03
SHP00623,2026-04-24,WH-6,South,Rail,172.6,15,1.02,5,True,4063.67,3.9,23.54,0.0,2026-04
SHP00624,2026-05-26,WH-3,East,Air,400.0,5,0.88,2,True,63020.61,2.7,157.55,0.0,2026-05
SHP00625,2026-02-21,WH-5,West,Road,130.3,10,1.27,4,True,5665.69,4.3,43.48,0.0,2026-02
SHP00626,2026-02-07,WH-3,West,Road,450.8,74,1.85,4,True,16906.0,2.8,37.5,0.0,2026-02
SHP00627,2026-05-28,WH-6,North,Road,244.7,8,0.94,4,True,9577.78,5.0,39.14,0.0,2026-05
SHP00628,2026-05-07,WH-3,North,Road,2108.6,39,5.12,4,False,99216.16,3.7,47.05,1.12,2026-05
SHP00629,2026-05-11,WH-6,North,Road,1113.2,11,3.01,4,True,52441.31,4.5,47.11,0.0,2026-05
SHP00630,2026-05-02,WH-3,North,Road,228.9,21,1.49,4,True,8961.1,4.8,39.15,0.0,2026-05
SHP00631,2026-03-05,WH-4,West,Road,1028.7,34,3.3,4,True,38635.14,4.8,37.56,0.0,2026-03
SHP00632,2026-05-11,WH-2,South,Road,553.0,6,1.62,4,True,22412.51,4.6,40.53,0.0,2026-05
SHP00633,2026-01-02,WH-4,East,Road,621.1,21,2.08,4,True,29500.55,3.7,47.5,0.0,2026-01
SHP00634,2026-01-21,WH-2,East,Rail,385.8,11,1.6,5,True,8071.55,4.8,20.92,0.0,2026-01
SHP00635,2026-04-18,WH-3,West,Sea,211.9,36,2.05,10,True,2118.02,5.0,10.0,0.0,2026-04
SHP00636,2026-01-26,WH-2,Central,Road,467.7,85,5.04,4,False,23133.22,3.4,49.46,1.04,2026-01
SHP00637,2026-03-27,WH-1,South,Road,2249.6,39,11.21,4,False,98278.51,2.8,43.69,7.21,2026-03
SHP00638,2026-03-16,WH-2,South,Rail,1731.7,13,4.51,5,True,46720.47,5.0,26.98,0.0,2026-03
SHP00639,2026-01-09,WH-1,East,Road,919.5,26,2.82,4,True,38202.08,4.7,41.55,0.0,2026-01
SHP00640,2026-01-06,WH-5,South,Road,480.2,10,1.74,4,True,20261.03,4.1,42.19,0.0,2026-01
SHP00641,2026-03-09,WH-3,West,Road,199.1,16,3.67,4,True,8738.77,4.2,43.89,0.0,2026-03
SHP00642,2026-05-24,WH-3,West,Road,879.4,11,2.49,4,True,37026.81,5.0,42.1,0.0,2026-05
SHP00643,2026-03-27,WH-4,East,Road,1120.3,29,3.27,4,True,48452.16,5.0,43.25,0.0,2026-03
SHP00644,2026-05-03,WH-2,South,Sea,1541.1,8,4.84,10,True,13146.13,4.7,8.53,0.0,2026-05
SHP00645,2026-01-19,WH-3,South,Road,322.2,12,1.35,4,True,9682.13,4.0,30.05,0.0,2026-01
SHP00646,2026-01-26,WH-2,North,Sea,1976.6,43,7.73,10,True,15642.28,4.1,7.91,0.0,2026-01
SHP00647,2026-01-31,WH-2,Central,Road,408.0,5,1.39,4,True,15618.63,3.7,38.28,0.0,2026-01
SHP00648,2026-05-03,WH-6,East,Road,1254.7,18,3.69,4,True,58817.51,4.3,46.88,0.0,2026-05
SHP00649,2026-06-06,WH-5,North,Road,501.5,22,1.92,4,True,15723.27,4.8,31.35,0.0,2026-06
SHP00650,2026-01-15,WH-3,North,Road,855.5,4,2.31,4,True,40786.56,4.3,47.68,0.0,2026-01
SHP00651,2026-04-06,WH-6,West,Rail,185.1,43,1.24,5,True,4823.3,3.4,26.06,0.0,2026-04
SHP00652,2026-05-11,WH-5,West,Road,304.3,7,1.75,4,True,16189.33,5.0,53.2,0.0,2026-05
SHP00653,2026-05-20,WH-2,North,Road,917.6,8,2.89,4,True,46982.36,4.8,51.2,0.0,2026-05
SHP00654,2026-05-17,WH-1,West,Road,2776.6,13,6.49,4,False,112288.5,2.8,40.44,2.49,2026-05
SHP00655,2026-03-26,WH-4,Central,Rail,793.8,14,2.06,5,True,18857.35,5.0,23.76,0.0,2026-03
SHP00656,2026-05-17,WH-2,North,Sea,1456.3,13,4.66,10,True,13271.64,4.8,9.11,0.0,2026-05
SHP00657,2026-05-21,WH-2,East,Sea,1019.1,11,3.3,10,True,9432.55,4.7,9.26,0.0,2026-05
SHP00658,2026-03-21,WH-5,West,Road,83.7,41,1.43,4,True,3818.5,3.2,45.62,0.0,2026-03
SHP00659,2026-04-24,WH-1,South,Road,1493.5,8,3.75,4,True,67410.53,4.7,45.14,0.0,2026-04
SHP00660,2026-01-12,WH-1,West,Road,619.6,37,2.1,4,True,26323.61,4.2,42.48,0.0,2026-01
SHP00661,2026-04-02,WH-4,North,Rail,1270.8,30,2.94,5,True,33929.93,5.0,26.7,0.0,2026-04
SHP00662,2026-05-19,WH-2,East,Road,398.7,5,3.28,4,True,21088.0,4.4,52.89,0.0,2026-05
SHP00663,2026-04-18,WH-1,Central,Road,130.7,11,1.45,4,True,5907.13,4.8,45.2,0.0,2026-04
SHP00664,2026-06-19,WH-5,South,Sea,1798.3,14,5.78,10,True,19066.82,3.1,10.6,0.0,2026-06
SHP00665,2026-03-01,WH-3,Central,Air,817.2,15,0.7,2,True,147975.47,5.0,181.08,0.0,2026-03
SHP00666,2026-06-17,WH-2,Central,Road,455.8,16,4.82,4,False,19200.06,2.8,42.12,0.82,2026-06
SHP00667,2026-01-27,WH-6,North,Rail,148.8,9,0.76,5,True,4218.04,4.8,28.35,0.0,2026-01
SHP00668,2026-02-25,WH-5,North,Rail,1321.5,29,3.13,5,True,29219.86,4.5,22.11,0.0,2026-02
SHP00669,2026-05-07,WH-5,East,Sea,1756.1,11,8.42,10,True,14807.82,4.5,8.43,0.0,2026-05
SHP00670,2026-02-14,WH-6,West,Sea,383.9,42,1.39,10,True,4089.06,4.7,10.65,0.0,2026-02
SHP00671,2026-05-06,WH-5,North,Road,446.0,7,1.58,4,True,20004.74,4.7,44.85,0.0,2026-05
SHP00672,2026-06-01,WH-6,North,Rail,371.6,30,1.68,5,True,7569.38,4.4,20.37,0.0,2026-06
SHP00673,2026-04-29,WH-6,Central,Road,1115.1,53,2.8,4,True,35011.95,5.0,31.4,0.0,2026-04
SHP00674,2026-02-12,WH-1,Central,Road,1602.4,4,3.98,4,True,73911.99,4.5,46.13,0.0,2026-02
SHP00675,2026-01-07,WH-3,West,Sea,1245.5,30,9.57,10,True,12691.2,4.1,10.19,0.0,2026-01
SHP00676,2026-03-04,WH-2,North,Sea,567.8,39,2.17,10,True,4770.88,4.0,8.4,0.0,2026-03
SHP00677,2026-03-21,WH-5,North,Road,1215.4,14,3.25,4,True,49917.0,5.0,41.07,0.0,2026-03
SHP00678,2026-03-24,WH-2,South,Road,213.4,15,1.47,4,True,9723.99,3.9,45.57,0.0,2026-03
SHP00679,2026-02-14,WH-5,West,Rail,464.9,4,1.7,5,True,11287.16,4.8,24.28,0.0,2026-02
SHP00680,2026-05-23,WH-6,North,Road,879.0,8,2.59,4,True,38246.6,4.9,43.51,0.0,2026-05
SHP00681,2026-01-27,WH-2,South,Sea,731.2,11,2.98,10,True,7205.95,5.0,9.85,0.0,2026-01
SHP00682,2026-01-19,WH-2,West,Road,882.3,28,2.75,4,True,37491.73,4.8,42.49,0.0,2026-01
SHP00683,2026-01-24,WH-2,East,Sea,692.3,9,2.6,10,True,5863.81,4.6,8.47,0.0,2026-01
SHP00684,2026-04-18,WH-3,North,Road,447.9,18,1.73,4,True,17351.47,4.4,38.74,0.0,2026-04
SHP00685,2026-01-08,WH-5,Central,Road,999.5,19,2.58,4,True,43911.66,4.1,43.93,0.0,2026-01
SHP00686,2026-06-05,WH-3,North,Road,677.8,39,2.71,4,True,29097.96,5.0,42.93,0.0,2026-06
SHP00687,2026-02-08,WH-5,South,Rail,309.0,90,2.25,5,True,6807.92,4.5,22.03,0.0,2026-02
SHP00688,2026-01-10,WH-4,East,Rail,908.6,33,2.79,5,True,24144.81,3.7,26.57,0.0,2026-01
SHP00689,2026-02-17,WH-2,East,Road,1023.1,94,3.37,4,True,46391.2,3.9,45.34,0.0,2026-02
SHP00690,2026-02-20,WH-4,South,Sea,1055.7,12,5.37,10,True,8582.77,3.1,8.13,0.0,2026-02
SHP00691,2026-02-12,WH-1,Central,Road,315.7,78,1.38,4,True,16524.6,5.0,52.34,0.0,2026-02
SHP00692,2026-06-24,WH-3,North,Road,351.4,33,1.83,4,True,14568.17,3.6,41.46,0.0,2026-06
SHP00693,2026-01-21,WH-6,South,Air,400.9,37,1.0,2,True,69213.29,3.4,172.64,0.0,2026-01
SHP00694,2026-01-12,WH-6,Central,Road,1994.2,26,4.83,4,False,80328.12,3.7,40.28,0.83,2026-01
SHP00695,2026-01-19,WH-5,South,Road,506.9,20,2.22,4,True,22269.74,4.7,43.93,0.0,2026-01
SHP00696,2026-04-21,WH-2,South,Road,224.4,19,1.24,4,True,10099.57,3.7,45.01,0.0,2026-04
SHP00697,2026-02-09,WH-1,South,Road,892.9,10,3.82,4,True,36709.57,4.2,41.11,0.0,2026-02
SHP00698,2026-01-24,WH-5,South,Road,1265.1,7,3.46,4,True,48695.97,3.3,38.49,0.0,2026-01
SHP00699,2026-04-27,WH-5,East,Sea,989.5,34,3.17,10,True,9269.27,4.3,9.37,0.0,2026-04
SHP00700,2026-02-06,WH-2,Central,Rail,461.8,308,2.05,5,True,10740.03,4.5,23.26,0.0,2026-02
SHP00701,2026-04-28,WH-6,South,Sea,956.2,38,3.0,10,True,10315.0,5.0,10.79,0.0,2026-04
SHP00702,2026-02-28,WH-3,South,Road,865.4,14,2.38,4,True,38297.48,4.9,44.25,0.0,2026-02
SHP00703,2026-05-23,WH-1,North,Road,225.5,15,0.96,4,True,10841.54,3.4,48.08,0.0,2026-05
SHP00704,2026-02-24,WH-5,North,Sea,306.3,14,1.12,10,True,3335.56,4.5,10.89,0.0,2026-02
SHP00705,2026-01-02,WH-2,North,Road,541.5,24,2.05,4,True,25030.96,5.0,46.23,0.0,2026-01
SHP00706,2026-05-14,WH-6,West,Road,477.3,44,1.74,4,True,20558.12,4.3,43.07,0.0,2026-05
SHP00707,2026-02-03,WH-1,West,Road,502.8,11,4.27,4,True,22092.08,4.6,43.94,0.27,2026-02
SHP00708,2026-01-07,WH-2,South,Road,887.3,26,3.4,4,True,36034.45,4.7,40.61,0.0,2026-01
SHP00709,2026-05-05,WH-1,West,Sea,725.4,61,2.59,10,True,7868.24,5.0,10.85,0.0,2026-05
SHP00710,2026-04-10,WH-4,South,Road,1547.2,47,3.97,4,True,65827.08,5.0,42.55,0.0,2026-04
SHP00711,2026-06-21,WH-3,South,Air,718.4,97,1.1,2,True,149532.27,5.0,208.15,0.0,2026-06
SHP00712,2026-06-29,WH-5,Central,Air,1917.2,24,1.47,2,True,345689.25,3.4,180.31,0.0,2026-06
SHP00713,2026-05-25,WH-6,East,Road,553.7,18,3.88,4,True,26104.8,4.2,47.15,0.0,2026-05
SHP00714,2026-06-15,WH-1,South,Road,309.4,16,1.24,4,True,12971.25,4.4,41.92,0.0,2026-06
SHP00715,2026-05-21,WH-6,South,Rail,557.7,8,1.79,5,True,17696.57,3.3,31.73,0.0,2026-05
SHP00716,2026-02-23,WH-3,Central,Sea,1064.4,5,4.25,10,True,10572.6,4.7,9.93,0.0,2026-02
SHP00717,2026-05-21,WH-2,East,Road,565.6,33,1.8,4,True,25797.73,4.0,45.61,0.0,2026-05
SHP00718,2026-05-01,WH-1,West,Road,1275.3,40,3.81,4,True,60973.97,5.0,47.81,0.0,2026-05
SHP00719,2026-05-26,WH-4,West,Road,763.8,10,2.11,4,True,39649.56,4.5,51.91,0.0,2026-05
SHP00720,2026-01-02,WH-6,North,Road,524.2,2,2.1,4,True,25720.79,5.0,49.07,0.0,2026-01
SHP00721,2026-04-23,WH-2,West,Rail,816.5,32,2.55,5,True,19534.6,3.4,23.92,0.0,2026-04
SHP00722,2026-04-07,WH-4,West,Road,597.1,63,1.95,4,True,33676.22,4.9,56.4,0.0,2026-04
SHP00723,2026-04-15,WH-6,North,Rail,405.8,31,1.85,5,True,10669.0,3.6,26.29,0.0,2026-04
SHP00724,2026-05-26,WH-2,South,Road,564.2,30,2.0,4,True,18499.63,4.7,32.79,0.0,2026-05
SHP00725,2026-03-03,WH-4,South,Road,567.4,15,1.77,4,True,24503.18,4.4,43.19,0.0,2026-03
SHP00726,2026-02-03,WH-1,South,Road,769.1,20,2.29,4,True,33226.25,5.0,43.2,0.0,2026-02
SHP00727,2026-06-04,WH-6,Central,Road,726.2,56,2.37,4,True,32068.45,5.0,44.16,0.0,2026-06
SHP00728,2026-01-19,WH-6,North,Air,400.0,12,2.64,2,False,53426.08,3.5,133.57,0.64,2026-01
SHP00729,2026-04-09,WH-4,South,Air,400.0,11,0.83,2,True,44738.43,5.0,111.85,0.0,2026-04
SHP00730,2026-06-05,WH-4,North,Road,457.6,28,2.42,4,True,17344.37,4.4,37.9,0.0,2026-06
SHP00731,2026-01-21,WH-5,South,Road,1461.6,22,4.19,4,True,68742.59,4.1,47.03,0.19,2026-01
SHP00732,2026-04-26,WH-6,South,Sea,896.7,2,3.23,10,True,8437.42,4.3,9.41,0.0,2026-04
SHP00733,2026-03-13,WH-2,North,Road,2245.0,25,5.94,4,False,102343.71,1.9,45.59,1.94,2026-03
SHP00734,2026-04-11,WH-6,North,Road,458.8,24,1.98,4,True,19244.95,5.0,41.95,0.0,2026-04
SHP00735,2026-06-10,WH-2,East,Road,996.3,22,3.3,4,True,43467.74,3.4,43.63,0.0,2026-06
SHP00736,2026-03-07,WH-2,East,Air,400.0,30,0.66,2,True,59619.44,5.0,149.05,0.0,2026-03
SHP00737,2026-01-08,WH-1,North,Sea,1502.3,40,5.05,10,True,12249.63,4.2,8.15,0.0,2026-01
SHP00738,2026-06-15,WH-6,West,Road,981.7,43,2.88,4,True,36476.23,4.1,37.16,0.0,2026-06
SHP00739,2026-06-20,WH-6,Central,Road,905.1,97,12.67,4,False,42717.81,3.2,47.2,8.67,2026-06
SHP00740,2026-04-14,WH-2,Central,Road,541.4,26,2.21,4,True,24387.22,4.3,45.04,0.0,2026-04
SHP00741,2026-03-26,WH-6,East,Sea,399.6,10,1.83,10,True,3999.92,5.0,10.01,0.0,2026-03
SHP00742,2026-01-08,WH-5,North,Road,3177.0,16,8.24,4,False,152156.07,3.9,47.89,4.24,2026-01
SHP00743,2026-05-18,WH-5,Central,Sea,423.9,17,3.57,10,True,4541.22,3.9,10.71,0.0,2026-05
SHP00744,2026-06-19,WH-3,North,Road,850.7,15,2.62,4,True,36070.78,4.3,42.4,0.0,2026-06
SHP00745,2026-04-23,WH-4,North,Air,581.7,15,1.06,2,True,99275.23,4.3,170.66,0.0,2026-04
SHP00746,2026-01-13,WH-1,North,Rail,1099.3,14,3.24,5,True,27248.58,3.8,24.79,0.0,2026-01
SHP00747,2026-03-25,WH-5,South,Road,334.1,31,1.26,4,True,13720.44,4.4,41.07,0.0,2026-03
SHP00748,2026-05-01,WH-4,West,Road,2272.3,10,5.52,4,False,91141.03,2.2,40.11,1.52,2026-05
SHP00749,2026-05-29,WH-2,West,Road,90.0,4,0.73,4,True,3497.02,5.0,38.86,0.0,2026-05
SHP00750,2026-04-17,WH-6,South,Air,495.8,33,0.56,2,True,95041.55,4.7,191.69,0.0,2026-04
SHP00751,2026-01-16,WH-4,East,Road,2451.6,21,9.06,4,False,131189.59,4.0,53.51,5.06,2026-01
SHP00752,2026-03-23,WH-5,North,Road,1003.1,21,3.88,4,True,41671.55,3.9,41.54,0.0,2026-03
SHP00753,2026-02-17,WH-5,North,Road,311.6,11,1.43,4,True,12795.51,4.9,41.06,0.0,2026-02
SHP00754,2026-04-11,WH-2,East,Sea,1520.7,10,4.83,10,True,14520.63,4.2,9.55,0.0,2026-04
SHP00755,2026-06-13,WH-5,East,Road,211.3,7,1.31,4,True,9236.04,4.1,43.71,0.0,2026-06
SHP00756,2026-06-27,WH-2,North,Sea,1569.2,58,4.53,10,True,16454.83,5.0,10.49,0.0,2026-06
SHP00757,2026-04-04,WH-5,North,Rail,161.7,8,1.43,5,True,3592.47,5.0,22.22,0.0,2026-04
SHP00758,2026-05-30,WH-6,North,Road,344.4,30,1.21,4,True,12024.64,3.8,34.91,0.0,2026-05
SHP00759,2026-03-29,WH-4,North,Road,1059.4,6,3.31,4,True,44683.61,4.4,42.18,0.0,2026-03
SHP00760,2026-06-18,WH-5,West,Road,1178.1,20,3.1,4,True,60010.14,4.6,50.94,0.0,2026-06
SHP00761,2026-04-11,WH-1,North,Sea,548.0,22,1.91,10,True,5371.01,5.0,9.8,0.0,2026-04
SHP00762,2026-06-25,WH-6,South,Road,385.5,18,1.3,4,True,15862.39,3.7,41.15,0.0,2026-06
SHP00763,2026-06-19,WH-5,North,Sea,1227.2,20,3.98,10,True,11066.97,5.0,9.02,0.0,2026-06
SHP00764,2026-02-22,WH-5,West,Road,261.0,33,1.31,4,True,11615.01,4.9,44.5,0.0,2026-02
SHP00765,2026-01-21,WH-6,Central,Sea,541.7,15,2.35,10,True,5727.87,3.3,10.57,0.0,2026-01
SHP00766,2026-03-18,WH-3,East,Road,1545.7,5,3.86,4,True,53249.16,3.2,34.45,0.0,2026-03
SHP00767,2026-01-20,WH-6,West,Road,531.2,19,1.85,4,True,24771.22,4.1,46.63,0.0,2026-01
SHP00768,2026-06-03,WH-6,West,Road,511.4,37,1.92,4,True,20287.66,4.8,39.67,0.0,2026-06
SHP00769,2026-02-15,WH-6,West,Road,303.5,20,2.67,4,True,15123.91,4.4,49.83,0.0,2026-02
SHP00770,2026-01-25,WH-4,North,Air,400.0,17,1.07,2,True,79087.78,4.1,197.72,0.0,2026-01
SHP00771,2026-03-04,WH-3,North,Road,432.0,35,1.8,4,True,20781.1,5.0,48.1,0.0,2026-03
SHP00772,2026-03-21,WH-4,North,Road,184.7,58,1.29,4,True,7241.25,3.6,39.21,0.0,2026-03
SHP00773,2026-03-03,WH-6,West,Rail,825.7,7,2.08,5,True,20430.11,3.7,24.74,0.0,2026-03
SHP00774,2026-04-23,WH-2,Central,Road,277.7,13,1.63,4,True,12424.27,4.4,44.74,0.0,2026-04
SHP00775,2026-05-17,WH-4,East,Road,848.2,23,3.23,4,True,35338.86,4.4,41.66,0.0,2026-05
SHP00776,2026-01-09,WH-5,East,Road,934.8,35,3.29,4,True,40326.16,5.0,43.14,0.0,2026-01
SHP00777,2026-02-12,WH-4,West,Rail,803.9,17,1.98,5,True,18809.47,3.3,23.4,0.0,2026-02
SHP00778,2026-05-06,WH-5,West,Air,659.8,23,0.86,2,True,123031.52,4.9,186.47,0.0,2026-05
SHP00779,2026-01-13,WH-4,East,Sea,293.0,39,1.8,10,True,2698.73,5.0,9.21,0.0,2026-01
SHP00780,2026-04-15,WH-1,North,Road,277.2,22,1.5,4,True,15951.67,5.0,57.55,0.0,2026-04
SHP00781,2026-04-29,WH-5,East,Road,763.5,21,2.84,4,True,38246.34,4.1,50.09,0.0,2026-04
SHP00782,2026-01-25,WH-6,East,Road,329.7,36,1.55,4,True,16053.08,3.9,48.69,0.0,2026-01
SHP00783,2026-05-20,WH-5,South,Road,1595.6,32,6.4,4,False,77020.54,3.0,48.27,2.4,2026-05
SHP00784,2026-02-01,WH-1,North,Rail,553.3,34,1.49,5,True,12495.62,3.4,22.58,0.0,2026-02
SHP00785,2026-04-01,WH-5,Central,Rail,442.3,12,1.61,5,True,9882.12,3.6,22.34,0.0,2026-04
SHP00786,2026-02-03,WH-6,South,Road,1234.2,32,3.65,4,True,35656.34,4.1,28.89,0.0,2026-02
SHP00787,2026-02-10,WH-5,West,Air,400.0,68,0.86,2,True,82197.84,5.0,205.49,0.0,2026-02
SHP00788,2026-04-24,WH-5,North,Air,934.3,19,0.76,2,True,143020.99,4.5,153.08,0.0,2026-04
SHP00789,2026-06-16,WH-4,South,Rail,908.0,7,2.55,5,True,22293.29,4.5,24.55,0.0,2026-06
SHP00790,2026-05-04,WH-6,Central,Road,349.9,29,1.47,4,True,14014.87,4.0,40.05,0.0,2026-05
SHP00791,2026-06-08,WH-3,Central,Air,962.7,18,0.65,2,True,171465.0,4.2,178.11,0.0,2026-06
SHP00792,2026-02-25,WH-6,North,Rail,2771.4,16,9.6,5,False,60538.91,2.6,21.84,4.6,2026-02
SHP00793,2026-05-30,WH-3,Central,Sea,903.5,29,3.23,10,True,8711.54,4.0,9.64,0.0,2026-05
SHP00794,2026-03-22,WH-6,West,Sea,278.9,26,1.72,10,True,2242.51,4.9,8.04,0.0,2026-03
SHP00795,2026-05-02,WH-2,South,Road,611.4,23,1.94,4,True,31679.43,3.5,51.81,0.0,2026-05
SHP00796,2026-01-13,WH-6,North,Rail,890.0,16,2.2,5,True,19052.7,3.5,21.41,0.0,2026-01
SHP00797,2026-01-24,WH-4,Central,Road,928.9,22,3.01,4,True,38852.04,4.0,41.83,0.0,2026-01
SHP00798,2026-01-27,WH-1,North,Road,373.5,59,1.78,4,True,13031.39,4.4,34.89,0.0,2026-01
SHP00799,2026-05-28,WH-6,Central,Road,819.1,22,2.87,4,True,28473.24,4.4,34.76,0.0,2026-05
SHP00800,2026-06-09,WH-2,North,Road,1317.6,60,6.73,4,False,48271.36,2.8,36.64,2.73,2026-06
SHP00801,2026-01-04,WH-4,South,Road,1343.4,28,3.34,4,True,62187.76,4.3,46.29,0.0,2026-01
SHP00802,2026-06-27,WH-4,South,Road,1373.6,21,4.15,4,True,59316.02,4.4,43.18,0.15,2026-06
SHP00803,2026-05-25,WH-3,South,Road,592.7,8,2.36,4,True,24309.23,4.4,41.01,0.0,2026-05
SHP00804,2026-01-25,WH-6,South,Road,245.3,21,1.16,4,True,10279.49,5.0,41.91,0.0,2026-01
SHP00805,2026-04-18,WH-2,West,Rail,899.8,16,2.25,5,True,17603.86,4.2,19.56,0.0,2026-04
SHP00806,2026-02-17,WH-4,East,Rail,534.1,39,1.91,5,True,11118.56,4.7,20.82,0.0,2026-02
SHP00807,2026-06-29,WH-5,West,Rail,615.7,11,2.04,5,True,13690.26,3.5,22.24,0.0,2026-06
SHP00808,2026-05-11,WH-2,East,Road,1254.5,14,3.69,4,True,69670.62,3.5,55.54,0.0,2026-05
SHP00809,2026-05-14,WH-3,East,Rail,545.5,12,1.41,5,True,12712.84,3.3,23.3,0.0,2026-05
SHP00810,2026-06-14,WH-1,West,Road,562.1,30,2.26,4,True,21308.78,4.8,37.91,0.0,2026-06
SHP00811,2026-04-10,WH-1,North,Road,724.0,4,7.37,4,False,35913.48,2.7,49.6,3.37,2026-04
SHP00812,2026-06-04,WH-1,West,Air,699.9,13,1.06,2,True,139556.94,4.2,199.4,0.0,2026-06
SHP00813,2026-01-23,WH-6,Central,Air,711.8,26,1.11,2,True,92312.53,5.0,129.69,0.0,2026-01
SHP00814,2026-05-30,WH-4,West,Road,1145.3,10,3.1,4,True,51339.52,4.1,44.83,0.0,2026-05
SHP00815,2026-03-31,WH-5,North,Road,133.6,12,0.77,4,True,5811.23,4.8,43.5,0.0,2026-03
SHP00816,2026-02-23,WH-5,North,Air,400.0,37,1.13,2,True,70539.45,3.3,176.35,0.0,2026-02
SHP00817,2026-05-10,WH-6,East,Road,367.3,43,1.78,4,True,18742.52,4.3,51.03,0.0,2026-05
SHP00818,2026-01-31,WH-6,Central,Road,2956.1,14,6.97,4,False,117578.74,2.9,39.77,2.97,2026-01
SHP00819,2026-01-07,WH-4,South,Road,453.1,49,1.85,4,True,20006.47,5.0,44.15,0.0,2026-01
SHP00820,2026-06-06,WH-6,Central,Road,1078.9,12,3.47,4,True,36275.5,3.9,33.62,0.0,2026-06
SHP00821,2026-06-21,WH-5,West,Road,2257.4,32,5.36,4,False,124895.49,3.0,55.33,1.36,2026-06
SHP00822,2026-06-11,WH-4,East,Road,1414.9,15,6.49,4,False,66393.53,3.1,46.92,2.49,2026-06
SHP00823,2026-05-10,WH-5,South,Road,262.5,15,1.37,4,True,13818.17,4.3,52.64,0.0,2026-05
SHP00824,2026-02-12,WH-3,South,Road,491.4,46,2.19,4,True,24846.45,4.9,50.56,0.0,2026-02
SHP00825,2026-05-24,WH-5,South,Road,744.2,33,2.09,4,True,35292.17,3.5,47.42,0.0,2026-05
SHP00826,2026-03-28,WH-4,North,Road,1006.7,15,2.8,4,True,45361.71,3.7,45.06,0.0,2026-03
SHP00827,2026-03-14,WH-5,South,Road,660.7,15,2.78,4,True,28628.48,4.0,43.33,0.0,2026-03
SHP00828,2026-02-20,WH-6,Central,Rail,1167.8,19,3.08,5,True,29937.42,4.9,25.64,0.0,2026-02
SHP00829,2026-04-17,WH-1,South,Road,724.5,59,1.93,4,True,37840.78,4.8,52.23,0.0,2026-04
SHP00830,2026-01-23,WH-6,East,Air,1277.8,12,1.11,2,True,187429.74,5.0,146.68,0.0,2026-01
SHP00831,2026-03-20,WH-1,East,Road,612.0,118,2.15,4,True,28282.35,5.0,46.21,0.0,2026-03
SHP00832,2026-04-09,WH-6,Central,Road,365.5,22,1.14,4,True,16298.64,4.0,44.59,0.0,2026-04
SHP00833,2026-04-29,WH-1,South,Road,292.2,19,1.61,4,True,12589.81,4.9,43.09,0.0,2026-04
SHP00834,2026-02-24,WH-5,Central,Road,86.4,7,1.02,4,True,3376.15,4.4,39.08,0.0,2026-02
SHP00835,2026-06-17,WH-4,South,Sea,1107.2,29,4.05,10,True,11850.3,4.6,10.7,0.0,2026-06
SHP00836,2026-02-12,WH-6,South,Sea,727.1,18,3.11,10,True,8085.43,5.0,11.12,0.0,2026-02
SHP00837,2026-01-06,WH-4,North,Sea,2177.1,60,7.09,10,True,22085.22,3.8,10.14,0.0,2026-01
SHP00838,2026-05-06,WH-1,East,Road,219.8,8,1.16,4,True,10488.28,4.6,47.72,0.0,2026-05
SHP00839,2026-02-21,WH-4,Central,Rail,203.3,14,1.55,5,True,4530.95,4.4,22.29,0.0,2026-02
SHP00840,2026-03-05,WH-6,South,Air,2957.0,15,1.59,2,True,544690.0,4.7,184.2,0.0,2026-03
SHP00841,2026-02-16,WH-4,Central,Air,524.0,8,0.69,2,True,98036.39,3.7,187.09,0.0,2026-02
SHP00842,2026-06-11,WH-3,South,Sea,183.9,9,1.23,10,True,1800.88,3.6,9.79,0.0,2026-06
SHP00843,2026-01-10,WH-2,West,Sea,699.9,82,2.52,10,True,6750.88,4.3,9.65,0.0,2026-01
SHP00844,2026-03-22,WH-5,East,Road,891.8,26,2.45,4,True,41917.86,4.4,47.0,0.0,2026-03
SHP00845,2026-04-08,WH-6,West,Road,351.1,19,1.3,4,True,15838.2,4.3,45.11,0.0,2026-04
SHP00846,2026-04-20,WH-4,Central,Road,244.6,14,0.99,4,True,10994.1,3.9,44.95,0.0,2026-04
SHP00847,2026-06-24,WH-2,East,Rail,1345.3,10,3.8,5,True,32772.95,4.3,24.36,0.0,2026-06
SHP00848,2026-04-16,WH-2,South,Sea,1263.1,20,3.98,10,True,10170.65,4.3,8.05,0.0,2026-04
SHP00849,2026-05-31,WH-4,South,Sea,150.0,57,1.39,10,True,1457.11,4.0,9.71,0.0,2026-05
SHP00850,2026-04-14,WH-5,West,Road,1256.3,24,4.33,4,True,62512.04,5.0,49.76,0.33,2026-04
SHP00851,2026-05-05,WH-5,North,Rail,347.4,53,1.04,5,True,7348.41,4.8,21.15,0.0,2026-05
SHP00852,2026-03-11,WH-1,East,Rail,2733.0,14,6.39,5,False,58567.16,2.6,21.43,1.39,2026-03
SHP00853,2026-02-13,WH-5,South,Air,1151.4,20,1.68,2,True,218541.88,4.0,189.81,0.0,2026-02
SHP00854,2026-04-16,WH-5,West,Road,282.8,5,2.26,4,True,11996.87,4.1,42.42,0.0,2026-04
SHP00855,2026-05-19,WH-5,West,Rail,451.7,26,1.84,5,True,10923.18,4.8,24.18,0.0,2026-05
SHP00856,2026-02-20,WH-2,South,Road,682.8,94,2.65,4,True,24510.29,4.5,35.9,0.0,2026-02
SHP00857,2026-01-16,WH-6,South,Road,690.2,29,2.42,4,True,29979.28,5.0,43.44,0.0,2026-01
SHP00858,2026-03-21,WH-4,South,Road,1205.2,24,3.03,4,True,61917.19,3.5,51.38,0.0,2026-03
SHP00859,2026-04-28,WH-1,South,Rail,780.3,16,2.72,5,True,18096.92,3.8,23.19,0.0,2026-04
SHP00860,2026-03-19,WH-5,Central,Road,608.1,53,2.55,4,True,29484.22,4.9,48.49,0.0,2026-03
SHP00861,2026-05-12,WH-6,West,Road,596.0,11,3.34,4,True,28322.14,5.0,47.52,0.0,2026-05
SHP00862,2026-06-07,WH-5,West,Road,1157.7,29,3.35,4,True,44038.83,4.4,38.04,0.0,2026-06
SHP00863,2026-06-29,WH-2,West,Rail,1350.8,73,3.43,5,True,29631.91,4.7,21.94,0.0,2026-06
SHP00864,2026-04-25,WH-6,West,Road,2681.3,18,6.9,4,False,106160.94,3.4,39.59,2.9,2026-04
SHP00865,2026-04-10,WH-3,South,Rail,504.1,43,2.01,5,True,11912.13,4.3,23.63,0.0,2026-04
SHP00866,2026-05-10,WH-1,South,Road,480.0,23,1.57,4,True,22325.25,4.0,46.51,0.0,2026-05
SHP00867,2026-05-09,WH-4,North,Sea,1771.8,11,5.73,10,True,13190.77,5.0,7.44,0.0,2026-05
SHP00868,2026-06-27,WH-2,Central,Road,1987.3,41,5.07,4,False,95180.78,2.3,47.89,1.07,2026-06
SHP00869,2026-06-13,WH-4,South,Sea,2492.7,7,7.39,10,True,19703.56,3.8,7.9,0.0,2026-06
SHP00870,2026-06-02,WH-1,North,Road,1369.0,56,4.11,4,True,57686.74,4.9,42.14,0.11,2026-06
SHP00871,2026-02-26,WH-6,West,Road,787.9,9,2.1,4,True,38074.48,4.6,48.32,0.0,2026-02
SHP00872,2026-03-27,WH-5,South,Road,929.1,24,3.22,4,True,26465.11,3.7,28.48,0.0,2026-03
SHP00873,2026-05-15,WH-6,North,Road,1148.7,34,3.4,4,True,60900.74,4.8,53.02,0.0,2026-05
SHP00874,2026-05-01,WH-1,West,Road,601.3,14,2.0,4,True,29852.8,4.7,49.65,0.0,2026-05
SHP00875,2026-02-03,WH-5,South,Rail,1229.6,39,3.53,5,True,28090.32,4.2,22.85,0.0,2026-02
SHP00876,2026-06-21,WH-4,East,Road,460.4,18,1.8,4,True,18649.06,4.2,40.51,0.0,2026-06
SHP00877,2026-01-09,WH-6,Central,Road,273.0,4,3.8,4,True,13526.83,4.9,49.55,0.0,2026-01
SHP00878,2026-04-20,WH-3,East,Road,951.1,37,2.66,4,True,38473.38,5.0,40.45,0.0,2026-04
SHP00879,2026-06-05,WH-3,North,Air,1236.6,7,1.73,2,True,231382.12,4.5,187.11,0.0,2026-06
SHP00880,2026-04-30,WH-5,East,Air,400.0,34,2.92,2,False,64080.87,3.7,160.2,0.92,2026-04
SHP00881,2026-01-03,WH-3,Central,Air,400.0,4,1.02,2,True,63783.74,4.6,159.46,0.0,2026-01
SHP00882,2026-02-03,WH-1,North,Road,994.5,31,3.18,4,True,46823.84,3.6,47.08,0.0,2026-02
SHP00883,2026-06-13,WH-4,West,Road,335.7,8,1.73,4,True,13433.02,4.4,40.01,0.0,2026-06
SHP00884,2026-03-29,WH-1,East,Road,397.9,8,1.72,4,True,15381.54,3.8,38.66,0.0,2026-03
SHP00885,2026-03-31,WH-4,South,Road,788.5,12,2.63,4,True,32851.67,4.1,41.66,0.0,2026-03
SHP00886,2026-01-05,WH-4,North,Road,1052.8,20,2.99,4,True,48187.8,4.5,45.77,0.0,2026-01
SHP00887,2026-01-16,WH-4,West,Road,437.1,39,1.32,4,True,18856.92,4.6,43.14,0.0,2026-01
SHP00888,2026-02-24,WH-4,North,Road,1861.4,12,4.68,4,False,85972.09,3.8,46.19,0.68,2026-02
SHP00889,2026-05-08,WH-5,East,Road,604.4,47,1.85,4,True,25668.89,3.7,42.47,0.0,2026-05
SHP00890,2026-02-15,WH-5,West,Road,741.0,50,2.75,4,True,33803.44,4.3,45.62,0.0,2026-02
SHP00891,2026-01-30,WH-5,South,Sea,300.2,8,1.48,10,True,2965.06,4.8,9.88,0.0,2026-01
SHP00892,2026-05-02,WH-5,Central,Road,1069.8,51,3.46,4,True,49552.6,3.9,46.32,0.0,2026-05
SHP00893,2026-06-16,WH-2,East,Road,439.9,22,1.48,4,True,15812.59,4.3,35.95,0.0,2026-06
SHP00894,2026-04-23,WH-1,South,Road,343.9,5,3.1,4,True,12628.53,4.9,36.72,0.0,2026-04
SHP00895,2026-05-29,WH-6,Central,Sea,1005.2,38,5.73,10,True,10589.79,5.0,10.54,0.0,2026-05
SHP00896,2026-01-31,WH-1,East,Air,586.3,27,0.59,2,True,89068.31,4.7,151.92,0.0,2026-01
SHP00897,2026-06-04,WH-3,South,Road,1961.4,21,5.97,4,False,89072.02,3.7,45.41,1.97,2026-06
SHP00898,2026-04-01,WH-3,North,Sea,494.5,25,2.43,10,True,5567.15,4.7,11.26,0.0,2026-04
SHP00899,2026-06-24,WH-3,West,Road,711.8,10,3.3,4,True,30730.27,4.0,43.17,0.0,2026-06
SHP00900,2026-01-29,WH-3,South,Road,1056.1,28,2.93,4,True,38874.35,3.8,36.81,0.0,2026-01
SHP00901,2026-05-27,WH-2,South,Sea,1211.9,10,5.04,10,True,11955.47,4.4,9.87,0.0,2026-05
SHP00902,2026-01-05,WH-5,West,Road,882.9,43,2.35,4,True,35689.34,4.6,40.42,0.0,2026-01
SHP00903,2026-03-26,WH-4,East,Rail,410.8,11,1.52,5,True,10482.44,5.0,25.52,0.0,2026-03
SHP00904,2026-03-01,WH-6,West,Road,1837.0,16,5.25,4,False,82792.09,1.9,45.07,1.25,2026-03
SHP00905,2026-05-13,WH-6,Central,Road,338.5,11,1.8,4,True,9822.1,4.7,29.02,0.0,2026-05
SHP00906,2026-03-09,WH-6,North,Road,248.6,17,2.58,4,True,8892.58,3.5,35.77,0.0,2026-03
SHP00907,2026-02-24,WH-5,Central,Rail,359.8,16,1.77,5,True,9487.27,3.5,26.37,0.0,2026-02
SHP00908,2026-04-12,WH-4,South,Sea,763.9,17,3.72,10,True,6484.02,3.7,8.49,0.0,2026-04
SHP00909,2026-02-22,WH-2,East,Sea,1119.1,15,4.11,10,True,9470.2,5.0,8.46,0.0,2026-02
SHP00910,2026-02-16,WH-4,Central,Road,483.1,14,3.04,4,True,18737.56,5.0,38.79,0.0,2026-02
SHP00911,2026-01-29,WH-4,East,Road,372.7,29,1.25,4,True,18042.32,4.1,48.41,0.0,2026-01
SHP00912,2026-06-21,WH-1,West,Rail,802.4,25,2.22,5,True,17801.33,4.8,22.19,0.0,2026-06
SHP00913,2026-02-05,WH-1,West,Road,2231.1,19,5.53,4,False,88390.34,4.0,39.62,1.53,2026-02
SHP00914,2026-01-15,WH-1,Central,Road,945.6,18,2.69,4,True,30891.16,5.0,32.67,0.0,2026-01
SHP00915,2026-02-27,WH-6,North,Sea,127.4,10,0.67,10,True,1428.85,4.5,11.22,0.0,2026-02
SHP00916,2026-01-30,WH-2,South,Road,994.3,57,2.97,4,True,39541.82,4.4,39.77,0.0,2026-01
SHP00917,2026-03-13,WH-6,East,Sea,1351.9,32,5.91,10,True,13954.07,4.2,10.32,0.0,2026-03
SHP00918,2026-03-27,WH-1,West,Sea,584.5,24,2.56,10,True,5757.3,4.3,9.85,0.0,2026-03
SHP00919,2026-01-25,WH-1,South,Rail,894.1,4,2.46,5,True,20188.79,4.8,22.58,0.0,2026-01
SHP00920,2026-02-07,WH-4,South,Road,833.4,20,2.95,4,True,42251.51,4.7,50.7,0.0,2026-02
SHP00921,2026-03-15,WH-1,West,Road,52.5,34,1.1,4,True,2369.08,4.3,45.13,0.0,2026-03
SHP00922,2026-03-01,WH-5,West,Road,217.6,33,1.1,4,True,10431.23,3.9,47.94,0.0,2026-03
SHP00923,2026-01-14,WH-2,South,Sea,474.9,24,5.15,10,True,4034.7,3.9,8.5,0.0,2026-01
SHP00924,2026-01-25,WH-4,West,Road,1234.2,76,3.2,4,True,51894.16,3.5,42.05,0.0,2026-01
SHP00925,2026-04-08,WH-6,Central,Rail,2690.7,12,5.91,5,False,63319.6,4.4,23.53,0.91,2026-04
SHP00926,2026-02-24,WH-1,South,Road,1615.3,71,4.04,4,True,71873.08,4.5,44.5,0.04,2026-02
SHP00927,2026-01-18,WH-4,South,Road,1472.5,40,4.15,4,True,75786.11,4.0,51.47,0.15,2026-01
SHP00928,2026-06-17,WH-1,South,Sea,105.5,14,1.06,10,True,1029.6,4.1,9.76,0.0,2026-06
SHP00929,2026-03-07,WH-6,East,Sea,199.2,12,2.18,10,True,2013.0,3.9,10.11,0.0,2026-03
SHP00930,2026-04-26,WH-5,Central,Road,369.2,28,1.39,4,True,17911.03,4.9,48.51,0.0,2026-04
SHP00931,2026-06-25,WH-4,Central,Sea,1428.2,48,4.06,10,True,14419.67,5.0,10.1,0.0,2026-06
SHP00932,2026-05-05,WH-2,South,Road,613.0,14,2.0,4,True,23340.33,4.6,38.08,0.0,2026-05
SHP00933,2026-03-11,WH-4,North,Road,413.5,14,1.68,4,True,16735.33,3.9,40.47,0.0,2026-03
SHP00934,2026-04-22,WH-4,Central,Rail,1313.6,13,3.23,5,True,33553.88,4.4,25.54,0.0,2026-04
SHP00935,2026-03-15,WH-6,West,Air,415.7,23,1.41,2,True,62109.49,5.0,149.41,0.0,2026-03
SHP00936,2026-03-25,WH-3,West,Sea,766.9,17,2.8,10,True,7848.57,4.1,10.23,0.0,2026-03
SHP00937,2026-04-30,WH-6,East,Air,1527.2,31,1.21,2,True,280852.27,5.0,183.9,0.0,2026-04
SHP00938,2026-05-28,WH-2,West,Air,908.1,3,0.61,2,True,115466.37,4.2,127.15,0.0,2026-05
SHP00939,2026-06-21,WH-1,North,Road,970.2,9,3.22,4,True,42053.78,5.0,43.35,0.0,2026-06
SHP00940,2026-06-02,WH-3,East,Road,339.1,7,1.11,4,True,13062.45,5.0,38.52,0.0,2026-06
SHP00941,2026-06-24,WH-6,West,Air,400.0,7,1.25,2,True,70326.63,4.8,175.82,0.0,2026-06
SHP00942,2026-05-12,WH-1,West,Road,451.5,15,1.59,4,True,23737.42,5.0,52.57,0.0,2026-05
SHP00943,2026-05-06,WH-5,West,Rail,714.9,22,2.36,5,True,19722.82,3.9,27.59,0.0,2026-05
SHP00944,2026-04-13,WH-4,South,Air,406.9,16,0.55,2,True,62441.97,4.5,153.46,0.0,2026-04
SHP00945,2026-04-06,WH-5,South,Road,767.4,25,2.81,4,True,29418.84,5.0,38.34,0.0,2026-04
SHP00946,2026-04-05,WH-2,South,Road,223.8,9,1.57,4,True,10278.15,3.3,45.93,0.0,2026-04
SHP00947,2026-01-27,WH-4,North,Road,540.5,63,3.98,4,True,19052.79,4.2,35.25,0.0,2026-01
SHP00948,2026-03-25,WH-6,Central,Road,1075.0,37,3.16,4,True,42987.16,4.3,39.99,0.0,2026-03
SHP00949,2026-03-03,WH-6,Central,Sea,1310.9,15,7.03,10,True,13152.24,4.3,10.03,0.0,2026-03
SHP00950,2026-05-14,WH-5,East,Sea,375.0,28,1.69,10,True,4325.8,5.0,11.54,0.0,2026-05
SHP00951,2026-01-12,WH-3,East,Sea,355.9,7,1.8,10,True,3511.59,5.0,9.87,0.0,2026-01
SHP00952,2026-03-15,WH-3,North,Road,497.9,10,1.99,4,True,18651.95,5.0,37.46,0.0,2026-03
SHP00953,2026-01-22,WH-6,South,Road,674.5,27,2.38,4,True,34404.22,4.2,51.01,0.0,2026-01
SHP00954,2026-06-16,WH-3,East,Road,1135.4,44,2.99,4,True,48224.45,4.7,42.47,0.0,2026-06
SHP00955,2026-01-24,WH-2,East,Road,1640.8,40,4.46,4,True,59485.53,3.8,36.25,0.46,2026-01
SHP00956,2026-05-27,WH-2,North,Sea,334.6,36,1.23,10,True,3142.39,5.0,9.39,0.0,2026-05
SHP00957,2026-03-26,WH-3,South,Sea,385.1,23,2.76,10,True,3915.56,5.0,10.17,0.0,2026-03
SHP00958,2026-05-27,WH-5,Central,Road,534.5,6,2.01,4,True,23661.34,4.7,44.27,0.0,2026-05
SHP00959,2026-05-03,WH-1,South,Road,1415.6,29,3.54,4,True,71060.33,4.0,50.2,0.0,2026-05
SHP00960,2026-03-13,WH-1,South,Road,1015.0,14,4.67,4,False,36090.8,2.9,35.56,0.67,2026-03
SHP00961,2026-05-15,WH-1,North,Road,367.0,12,1.67,4,True,13803.58,3.2,37.61,0.0,2026-05
SHP00962,2026-04-30,WH-6,South,Sea,1114.4,55,3.27,10,True,12183.77,4.2,10.93,0.0,2026-04
SHP00963,2026-02-06,WH-2,Central,Road,423.8,45,1.79,4,True,21031.44,3.5,49.63,0.0,2026-02
SHP00964,2026-01-04,WH-4,Central,Rail,922.2,14,2.41,5,True,22389.65,4.2,24.28,0.0,2026-01
SHP00965,2026-05-17,WH-5,West,Road,808.5,8,2.65,4,True,32498.1,4.1,40.2,0.0,2026-05
SHP00966,2026-02-07,WH-1,West,Road,20.0,67,0.78,4,True,1021.94,3.4,51.1,0.0,2026-02
SHP00967,2026-04-27,WH-4,East,Sea,849.0,30,3.23,10,True,8095.61,4.3,9.54,0.0,2026-04
SHP00968,2026-03-06,WH-1,Central,Rail,553.7,63,1.94,5,True,13314.05,5.0,24.05,0.0,2026-03
SHP00969,2026-04-29,WH-2,Central,Road,720.1,11,2.05,4,True,31172.63,3.7,43.29,0.0,2026-04
SHP00970,2026-05-14,WH-3,West,Sea,783.4,33,2.97,10,True,8852.41,3.4,11.3,0.0,2026-05
SHP00971,2026-06-07,WH-1,West,Air,400.0,20,0.79,2,True,65026.81,4.7,162.57,0.0,2026-06
SHP00972,2026-03-17,WH-3,East,Rail,519.4,22,1.65,5,True,13007.2,4.4,25.04,0.0,2026-03
SHP00973,2026-05-02,WH-5,Central,Road,118.1,8,0.84,4,True,6015.46,3.6,50.94,0.0,2026-05
SHP00974,2026-01-08,WH-1,North,Sea,507.5,25,1.82,10,True,4310.71,4.7,8.49,0.0,2026-01
SHP00975,2026-04-07,WH-4,Central,Sea,224.4,65,1.03,10,True,2334.97,5.0,10.41,0.0,2026-04
SHP00976,2026-04-11,WH-3,East,Sea,220.5,31,2.24,10,True,1939.21,4.8,8.79,0.0,2026-04
SHP00977,2026-03-16,WH-2,West,Road,423.7,14,4.45,4,True,18881.65,4.9,44.56,0.45,2026-03
SHP00978,2026-04-23,WH-5,North,Road,443.8,28,3.92,4,True,21264.07,4.6,47.91,0.0,2026-04
SHP00979,2026-01-28,WH-1,South,Road,139.6,29,3.48,4,True,7591.95,5.0,54.38,0.0,2026-01
SHP00980,2026-02-03,WH-6,West,Road,115.5,115,0.83,4,True,5679.03,4.6,49.17,0.0,2026-02
SHP00981,2026-01-12,WH-4,West,Road,210.9,11,1.13,4,True,7625.72,5.0,36.16,0.0,2026-01
SHP00982,2026-01-24,WH-5,East,Air,1344.1,42,1.13,2,True,237795.44,3.4,176.92,0.0,2026-01
SHP00983,2026-05-14,WH-2,Central,Road,863.4,21,2.36,4,True,32836.94,5.0,38.03,0.0,2026-05
SHP00984,2026-02-05,WH-4,North,Road,801.7,11,2.29,4,True,33144.73,3.9,41.34,0.0,2026-02
SHP00985,2026-06-12,WH-6,West,Sea,427.6,11,1.55,10,True,3749.63,5.0,8.77,0.0,2026-06
SHP00986,2026-05-12,WH-3,South,Road,1386.6,12,3.79,4,True,59892.12,4.3,43.19,0.0,2026-05
SHP00987,2026-02-24,WH-6,South,Road,639.6,25,2.01,4,True,31968.54,4.5,49.98,0.0,2026-02
SHP00988,2026-02-22,WH-1,Central,Road,346.9,86,1.35,4,True,15738.45,4.6,45.37,0.0,2026-02
SHP00989,2026-02-14,WH-6,South,Road,732.3,5,2.17,4,True,27005.13,4.9,36.88,0.0,2026-02
SHP00990,2026-05-13,WH-3,South,Road,798.2,11,2.93,4,True,30114.39,3.4,37.73,0.0,2026-05
SHP00991,2026-03-20,WH-5,North,Road,161.2,26,1.21,4,True,7761.79,5.0,48.15,0.0,2026-03
SHP00992,2026-03-13,WH-4,South,Road,489.6,9,2.28,4,True,21607.79,5.0,44.13,0.0,2026-03
SHP00993,2026-03-28,WH-6,South,Air,861.7,17,1.27,2,True,157762.81,3.8,183.08,0.0,2026-03
SHP00994,2026-02-01,WH-3,Central,Sea,768.0,16,2.81,10,True,7218.56,4.8,9.4,0.0,2026-02
SHP00995,2026-04-30,WH-6,North,Road,951.8,8,2.86,4,True,45226.34,4.3,47.52,0.0,2026-04
SHP00996,2026-02-02,WH-4,South,Road,2543.0,3,6.3,4,False,83889.36,3.5,32.99,2.3,2026-02
SHP00997,2026-05-11,WH-3,Central,Sea,768.2,10,3.14,10,True,6445.96,5.0,8.39,0.0,2026-05
SHP00998,2026-02-05,WH-3,Central,Sea,1090.2,12,3.99,10,True,8787.1,4.1,8.06,0.0,2026-02
SHP00999,2026-02-06,WH-4,North,Road,648.5,39,2.11,4,True,30532.15,5.0,47.08,0.0,2026-02
SHP01000,2026-06-01,WH-5,Central,Road,1082.7,32,3.3,4,True,44964.53,3.4,41.53,0.0,2026-06
SHP01001,2026-06-06,WH-5,South,Air,669.9,19,0.71,2,True,95224.12,5.0,142.15,0.0,2026-06
SHP01002,2026-03-13,WH-6,West,Air,510.1,39,1.13,2,True,75824.82,4.9,148.65,0.0,2026-03
SHP01003,2026-01-15,WH-6,East,Road,673.4,69,2.26,4,True,31898.16,3.8,47.37,0.0,2026-01
SHP01004,2026-01-19,WH-3,West,Sea,833.7,40,6.29,10,True,7212.97,4.3,8.65,0.0,2026-01
SHP01005,2026-05-15,WH-6,South,Road,1588.8,9,5.97,4,False,70620.48,3.1,44.45,1.97,2026-05
SHP01006,2026-01-31,WH-1,North,Sea,381.8,29,1.82,10,True,3878.58,5.0,10.16,0.0,2026-01
SHP01007,2026-04-25,WH-4,North,Road,171.8,36,1.35,4,True,7802.88,3.6,45.42,0.0,2026-04
SHP01008,2026-05-09,WH-6,Central,Road,628.6,29,2.42,4,True,29032.24,5.0,46.19,0.0,2026-05
SHP01009,2026-01-29,WH-1,West,Road,1421.4,27,3.85,4,True,48538.44,3.9,34.15,0.0,2026-01
SHP01010,2026-01-03,WH-1,North,Sea,257.4,13,5.23,10,True,1838.67,5.0,7.14,0.0,2026-01
SHP01011,2026-05-29,WH-4,Central,Road,559.0,20,1.87,4,True,25461.61,4.7,45.55,0.0,2026-05
SHP01012,2026-05-11,WH-4,West,Road,603.3,9,2.31,4,True,18231.78,4.9,30.22,0.0,2026-05
SHP01013,2026-04-14,WH-5,North,Road,757.4,17,2.44,4,True,29772.54,4.4,39.31,0.0,2026-04
SHP01014,2026-04-20,WH-1,North,Road,712.7,10,2.9,4,True,30158.43,5.0,42.32,0.0,2026-04
SHP01015,2026-03-01,WH-3,Central,Road,208.9,28,1.64,4,True,8945.78,5.0,42.82,0.0,2026-03
SHP01016,2026-04-23,WH-4,East,Sea,156.5,8,1.43,10,True,1399.82,4.0,8.94,0.0,2026-04
SHP01017,2026-02-09,WH-3,Central,Road,250.3,68,1.33,4,True,10319.73,4.5,41.23,0.0,2026-02
SHP01018,2026-01-31,WH-3,North,Sea,373.4,24,2.6,10,True,3984.37,4.3,10.67,0.0,2026-01
SHP01019,2026-01-19,WH-6,North,Air,525.1,4,1.11,2,True,102450.28,5.0,195.11,0.0,2026-01
SHP01020,2026-02-06,WH-5,South,Road,559.5,16,2.35,4,True,25966.73,3.7,46.41,0.0,2026-02
SHP01021,2026-03-03,WH-2,East,Road,1399.4,15,3.89,4,True,69096.43,5.0,49.38,0.0,2026-03
SHP01022,2026-02-21,WH-4,Central,Road,1203.2,35,3.77,4,True,40984.98,4.3,34.06,0.0,2026-02
SHP01023,2026-06-19,WH-4,South,Rail,484.5,25,1.99,5,True,12030.76,4.8,24.83,0.0,2026-06
SHP01024,2026-01-21,WH-6,North,Rail,1890.3,9,4.19,5,True,42913.92,3.0,22.7,0.0,2026-01
SHP01025,2026-05-26,WH-5,Central,Road,1846.4,25,4.91,4,False,70715.56,3.8,38.3,0.91,2026-05
SHP01026,2026-05-11,WH-4,North,Rail,1145.3,19,4.02,5,True,24277.93,4.2,21.2,0.0,2026-05
SHP01027,2026-01-14,WH-6,West,Road,367.3,32,1.74,4,True,15859.24,4.6,43.18,0.0,2026-01
SHP01028,2026-01-21,WH-5,East,Air,400.0,9,0.93,2,True,60118.69,5.0,150.3,0.0,2026-01
SHP01029,2026-03-05,WH-2,South,Road,1203.2,26,3.21,4,True,48119.02,3.7,39.99,0.0,2026-03
SHP01030,2026-02-02,WH-2,West,Road,323.9,28,4.99,4,False,14295.28,2.8,44.13,0.99,2026-02
SHP01031,2026-05-03,WH-5,West,Road,780.2,15,2.67,4,True,30144.14,3.3,38.64,0.0,2026-05
SHP01032,2026-05-29,WH-1,North,Road,1824.2,50,5.18,4,False,99609.37,2.9,54.6,1.18,2026-05
SHP01033,2026-01-02,WH-2,East,Sea,797.3,11,2.83,10,True,7085.21,3.6,8.89,0.0,2026-01
SHP01034,2026-04-09,WH-4,South,Road,478.5,18,2.32,4,True,19940.47,4.8,41.67,0.0,2026-04
SHP01035,2026-02-20,WH-3,East,Road,1225.0,13,4.36,4,True,49726.23,3.2,40.59,0.36,2026-02
SHP01036,2026-02-24,WH-3,East,Sea,790.3,9,3.65,10,True,7623.01,4.8,9.65,0.0,2026-02
SHP01037,2026-03-10,WH-2,North,Rail,262.7,11,2.85,5,True,5058.43,5.0,19.26,0.0,2026-03
SHP01038,2026-06-21,WH-4,West,Road,1099.4,7,3.0,4,True,43941.02,4.5,39.97,0.0,2026-06
SHP01039,2026-04-19,WH-2,East,Road,247.8,63,1.44,4,True,13775.51,4.0,55.59,0.0,2026-04
SHP01040,2026-03-10,WH-5,South,Rail,1207.3,19,3.17,5,True,27681.24,4.0,22.93,0.0,2026-03
SHP01041,2026-01-16,WH-1,East,Rail,562.2,4,2.66,5,True,13180.86,4.4,23.45,0.0,2026-01
SHP01042,2026-04-17,WH-6,Central,Rail,1503.5,28,3.46,5,True,38499.14,4.4,25.61,0.0,2026-04
SHP01043,2026-01-15,WH-2,South,Rail,441.5,26,1.89,5,True,10237.36,4.1,23.19,0.0,2026-01
SHP01044,2026-05-14,WH-4,West,Road,177.3,29,0.88,4,True,7230.63,4.0,40.78,0.0,2026-05
SHP01045,2026-02-15,WH-5,West,Sea,174.4,47,1.37,10,True,1960.9,4.1,11.24,0.0,2026-02
SHP01046,2026-04-21,WH-3,West,Road,208.2,15,1.02,4,True,8098.15,4.7,38.9,0.0,2026-04
SHP01047,2026-02-01,WH-2,Central,Road,842.7,8,2.46,4,True,33704.78,5.0,40.0,0.0,2026-02
SHP01048,2026-05-13,WH-2,West,Road,988.6,32,2.52,4,True,41520.5,5.0,42.0,0.0,2026-05
SHP01049,2026-02-27,WH-6,West,Rail,1033.7,25,3.12,5,True,29464.96,4.9,28.5,0.0,2026-02
SHP01050,2026-02-15,WH-6,Central,Road,317.1,31,2.73,4,True,13113.19,4.6,41.35,0.0,2026-02
SHP01051,2026-02-14,WH-1,North,Road,1183.9,50,3.54,4,True,43765.4,3.7,36.97,0.0,2026-02
SHP01052,2026-03-20,WH-6,South,Rail,1350.2,58,3.17,5,True,30503.9,4.7,22.59,0.0,2026-03
SHP01053,2026-01-08,WH-1,South,Road,116.9,30,0.89,4,True,5715.03,4.3,48.89,0.0,2026-01
SHP01054,2026-05-28,WH-6,North,Road,1053.2,12,2.85,4,True,51532.14,4.3,48.93,0.0,2026-05
SHP01055,2026-06-25,WH-6,Central,Rail,1391.7,19,3.1,5,True,41126.5,3.5,29.55,0.0,2026-06
SHP01056,2026-02-18,WH-5,Central,Rail,449.8,74,1.48,5,True,11170.27,3.7,24.83,0.0,2026-02
SHP01057,2026-06-10,WH-6,North,Road,710.3,24,2.57,4,True,28854.56,5.0,40.62,0.0,2026-06
SHP01058,2026-04-08,WH-1,East,Rail,1133.4,26,3.69,5,True,25985.74,4.9,22.93,0.0,2026-04
SHP01059,2026-06-24,WH-3,Central,Sea,1252.9,10,4.24,10,True,11119.8,4.6,8.88,0.0,2026-06
SHP01060,2026-03-18,WH-1,West,Rail,415.8,5,1.48,5,True,10769.05,3.9,25.9,0.0,2026-03
SHP01061,2026-02-01,WH-1,West,Road,1016.6,59,2.97,4,True,44466.3,3.4,43.74,0.0,2026-02
SHP01062,2026-06-09,WH-3,North,Air,400.0,24,2.44,2,True,57698.61,3.6,144.25,0.44,2026-06
SHP01063,2026-04-02,WH-2,South,Road,2082.8,21,5.1,4,False,64485.62,3.3,30.96,1.1,2026-04
SHP01064,2026-03-19,WH-6,North,Sea,412.6,17,2.67,10,True,3851.9,5.0,9.34,0.0,2026-03
SHP01065,2026-03-30,WH-4,West,Sea,380.2,32,2.14,10,True,3922.48,4.1,10.32,0.0,2026-03
SHP01066,2026-06-11,WH-2,West,Rail,656.3,8,1.79,5,True,17310.97,4.1,26.38,0.0,2026-06
SHP01067,2026-02-10,WH-3,East,Road,441.7,12,4.42,4,True,15718.72,4.5,35.59,0.42,2026-02
SHP01068,2026-03-03,WH-4,South,Road,758.0,5,2.26,4,True,27189.35,5.0,35.87,0.0,2026-03
SHP01069,2026-05-14,WH-1,West,Road,440.2,35,1.8,4,True,16941.51,4.2,38.49,0.0,2026-05
SHP01070,2026-04-15,WH-6,East,Sea,358.6,25,2.56,10,True,3069.51,3.9,8.56,0.0,2026-04
SHP01071,2026-01-07,WH-1,East,Sea,1355.3,21,4.35,10,True,14026.7,4.7,10.35,0.0,2026-01
SHP01072,2026-03-23,WH-6,West,Road,644.0,8,2.59,4,True,22364.2,4.6,34.73,0.0,2026-03
SHP01073,2026-02-20,WH-2,East,Road,380.6,9,4.0,4,True,17030.29,3.5,44.75,0.0,2026-02
SHP01074,2026-02-28,WH-5,South,Sea,908.9,7,5.68,10,True,7905.39,4.6,8.7,0.0,2026-02
SHP01075,2026-06-24,WH-4,West,Rail,849.4,15,2.84,5,True,19795.94,5.0,23.31,0.0,2026-06
SHP01076,2026-06-06,WH-3,South,Road,1010.3,14,3.55,4,True,28065.8,5.0,27.78,0.0,2026-06
SHP01077,2026-06-26,WH-5,Central,Road,649.2,27,2.07,4,True,28701.62,4.8,44.21,0.0,2026-06
SHP01078,2026-06-21,WH-3,West,Road,181.0,32,1.52,4,True,7693.78,3.2,42.51,0.0,2026-06
SHP01079,2026-05-10,WH-2,Central,Road,1218.8,24,3.47,4,True,54613.01,4.6,44.81,0.0,2026-05
SHP01080,2026-01-01,WH-1,South,Air,674.6,12,5.48,2,False,119376.56,2.7,176.96,3.48,2026-01
SHP01081,2026-05-19,WH-1,Central,Air,504.2,9,0.96,2,True,83485.55,4.2,165.58,0.0,2026-05
SHP01082,2026-01-09,WH-5,North,Air,1518.9,25,1.48,2,True,209875.24,5.0,138.18,0.0,2026-01
SHP01083,2026-02-15,WH-4,South,Road,547.2,36,5.98,4,False,21448.92,2.5,39.2,1.98,2026-02
SHP01084,2026-02-16,WH-3,North,Road,385.6,28,1.86,4,True,15092.86,4.5,39.14,0.0,2026-02
SHP01085,2026-01-28,WH-5,South,Road,955.0,17,2.65,4,True,39844.65,3.3,41.72,0.0,2026-01
SHP01086,2026-06-10,WH-5,West,Road,1108.6,19,2.84,4,True,57098.46,4.6,51.51,0.0,2026-06
SHP01087,2026-03-06,WH-4,West,Air,400.0,18,0.94,2,True,71984.01,3.6,179.96,0.0,2026-03
SHP01088,2026-06-04,WH-1,South,Road,314.7,9,1.23,4,True,15173.12,4.4,48.21,0.0,2026-06
SHP01089,2026-04-11,WH-3,Central,Sea,906.8,20,4.16,10,True,9170.65,4.0,10.11,0.0,2026-04
SHP01090,2026-04-04,WH-3,West,Road,490.2,43,6.02,4,False,20206.66,3.9,41.22,2.02,2026-04
SHP01091,2026-05-04,WH-2,Central,Road,212.8,186,1.38,4,True,10646.77,4.6,50.03,0.0,2026-05
SHP01092,2026-03-20,WH-4,South,Road,477.4,16,1.48,4,True,17964.8,3.7,37.63,0.0,2026-03
SHP01093,2026-05-01,WH-2,North,Rail,703.7,35,1.77,5,True,15621.42,3.4,22.2,0.0,2026-05
SHP01094,2026-04-14,WH-3,South,Road,338.7,12,1.61,4,True,16273.53,5.0,48.05,0.0,2026-04
SHP01095,2026-02-21,WH-5,Central,Road,191.5,57,1.58,4,True,7411.81,4.0,38.7,0.0,2026-02
SHP01096,2026-01-17,WH-4,South,Sea,803.0,33,3.1,10,True,6758.1,4.5,8.42,0.0,2026-01
SHP01097,2026-05-26,WH-2,West,Rail,1078.4,37,3.01,5,True,23303.97,4.8,21.61,0.0,2026-05
SHP01098,2026-03-06,WH-3,North,Sea,561.8,24,2.58,10,True,4744.66,4.8,8.45,0.0,2026-03
SHP01099,2026-05-19,WH-6,Central,Road,1118.8,35,3.16,4,True,57104.19,4.4,51.04,0.0,2026-05
SHP01100,2026-04-13,WH-1,North,Rail,616.1,49,1.79,5,True,11864.17,5.0,19.26,0.0,2026-04
SHP01101,2026-04-26,WH-2,West,Road,212.1,17,1.35,4,True,8491.67,4.8,40.04,0.0,2026-04
SHP01102,2026-05-23,WH-1,North,Air,715.1,22,0.71,2,True,142220.62,4.5,198.88,0.0,2026-05
SHP01103,2026-03-02,WH-1,North,Rail,766.8,17,2.59,5,True,17384.43,4.3,22.67,0.0,2026-03
SHP01104,2026-05-09,WH-6,North,Road,883.0,23,2.43,4,True,35274.28,4.9,39.95,0.0,2026-05
SHP01105,2026-03-05,WH-4,East,Road,585.5,25,2.04,4,True,23630.07,5.0,40.36,0.0,2026-03
SHP01106,2026-04-21,WH-5,East,Sea,135.5,9,0.75,10,True,1513.43,4.4,11.17,0.0,2026-04
SHP01107,2026-06-15,WH-5,West,Rail,986.3,57,2.44,5,True,19539.51,4.4,19.81,0.0,2026-06
SHP01108,2026-03-10,WH-6,South,Rail,666.1,8,1.66,5,True,15557.95,4.0,23.36,0.0,2026-03
SHP01109,2026-04-21,WH-6,North,Sea,550.5,70,5.1,10,True,4829.42,4.2,8.77,0.0,2026-04
SHP01110,2026-03-01,WH-2,Central,Air,1420.2,74,1.54,2,True,232312.85,4.0,163.58,0.0,2026-03
SHP01111,2026-05-29,WH-2,East,Road,994.8,13,2.8,4,True,48986.75,5.0,49.24,0.0,2026-05
SHP01112,2026-04-16,WH-2,North,Sea,303.6,31,1.26,10,True,3596.93,3.3,11.85,0.0,2026-04
SHP01113,2026-01-12,WH-3,North,Road,943.2,19,2.76,4,True,43563.23,4.1,46.19,0.0,2026-01
SHP01114,2026-05-11,WH-2,West,Road,291.9,13,1.39,4,True,11371.94,4.3,38.96,0.0,2026-05
SHP01115,2026-02-12,WH-1,East,Road,697.3,43,1.97,4,True,20041.92,3.5,28.74,0.0,2026-02
SHP01116,2026-03-19,WH-6,East,Air,556.2,14,0.81,2,True,96335.01,4.7,173.2,0.0,2026-03
SHP01117,2026-03-24,WH-6,South,Road,1810.4,20,5.58,4,False,83523.72,2.6,46.14,1.58,2026-03
SHP01118,2026-03-04,WH-2,Central,Sea,1329.6,15,4.25,10,True,12883.07,4.3,9.69,0.0,2026-03
SHP01119,2026-06-08,WH-4,South,Air,721.2,15,1.5,2,True,131353.92,4.9,182.13,0.0,2026-06
SHP01120,2026-06-12,WH-4,South,Rail,490.5,2,3.47,5,True,10908.62,4.5,22.24,0.0,2026-06
SHP01121,2026-01-22,WH-4,South,Road,156.8,30,1.06,4,True,7936.9,4.2,50.62,0.0,2026-01
SHP01122,2026-05-28,WH-3,North,Road,1226.5,92,3.91,4,True,53275.89,5.0,43.44,0.0,2026-05
SHP01123,2026-05-30,WH-1,East,Road,1666.8,26,4.19,4,True,67838.82,4.4,40.7,0.19,2026-05
SHP01124,2026-06-25,WH-4,North,Sea,120.0,15,1.01,10,True,1143.69,2.8,9.53,0.0,2026-06
SHP01125,2026-04-30,WH-5,Central,Road,910.4,9,3.04,4,True,34993.35,4.5,38.44,0.0,2026-04
SHP01126,2026-01-07,WH-3,West,Road,1200.8,16,3.42,4,True,56425.42,3.7,46.99,0.0,2026-01
SHP01127,2026-02-10,WH-3,North,Road,433.3,24,1.93,4,True,16540.5,4.0,38.17,0.0,2026-02
SHP01128,2026-03-06,WH-2,North,Road,203.2,91,0.89,4,True,9102.66,4.3,44.8,0.0,2026-03
SHP01129,2026-06-08,WH-6,West,Road,200.5,75,1.14,4,True,7949.45,5.0,39.65,0.0,2026-06
SHP01130,2026-06-01,WH-5,Central,Sea,1981.4,11,6.38,10,True,16412.71,4.0,8.28,0.0,2026-06
SHP01131,2026-03-29,WH-3,South,Road,67.5,13,1.21,4,True,3596.95,4.7,53.29,0.0,2026-03
SHP01132,2026-06-26,WH-3,South,Road,155.8,25,1.34,4,True,6918.7,4.6,44.41,0.0,2026-06
SHP01133,2026-02-01,WH-6,West,Road,1042.4,17,4.68,4,False,53628.44,2.6,51.45,0.68,2026-02
SHP01134,2026-06-26,WH-1,East,Sea,251.8,40,1.69,10,True,2671.74,4.2,10.61,0.0,2026-06
SHP01135,2026-04-22,WH-4,North,Rail,787.6,7,2.68,5,True,20415.63,4.1,25.92,0.0,2026-04
SHP01136,2026-03-21,WH-6,North,Road,145.5,13,1.17,4,True,6632.54,3.9,45.58,0.0,2026-03
SHP01137,2026-03-30,WH-1,West,Rail,697.0,12,2.04,5,True,16724.04,4.4,23.99,0.0,2026-03
SHP01138,2026-06-16,WH-6,North,Sea,421.3,58,1.81,10,True,3751.93,3.9,8.91,0.0,2026-06
SHP01139,2026-04-11,WH-5,North,Sea,545.3,17,5.26,10,True,3726.56,4.9,6.83,0.0,2026-04
SHP01140,2026-03-13,WH-6,East,Road,361.4,38,1.99,4,True,17104.61,4.2,47.33,0.0,2026-03
SHP01141,2026-03-01,WH-3,North,Sea,517.9,45,2.49,10,True,4508.72,4.0,8.71,0.0,2026-03
SHP01142,2026-01-23,WH-4,East,Road,580.1,11,2.94,4,True,26540.3,4.7,45.75,0.0,2026-01
SHP01143,2026-06-03,WH-5,North,Air,727.7,30,1.2,2,True,135667.54,3.7,186.43,0.0,2026-06
SHP01144,2026-05-19,WH-1,Central,Road,1187.1,14,2.99,4,True,49557.71,4.7,41.75,0.0,2026-05
SHP01145,2026-05-30,WH-5,Central,Sea,302.4,49,1.52,10,True,3949.48,4.7,13.06,0.0,2026-05
SHP01146,2026-05-15,WH-5,West,Air,850.0,9,1.14,2,True,152994.31,3.7,179.99,0.0,2026-05
SHP01147,2026-02-17,WH-6,Central,Rail,464.2,42,1.84,5,True,11281.35,3.6,24.3,0.0,2026-02
SHP01148,2026-01-10,WH-4,Central,Rail,140.3,102,0.68,5,True,4213.28,4.3,30.03,0.0,2026-01
SHP01149,2026-05-20,WH-2,East,Road,243.7,40,1.19,4,True,11234.29,4.8,46.1,0.0,2026-05
SHP01150,2026-05-21,WH-1,South,Road,564.3,17,1.65,4,True,24470.63,4.1,43.36,0.0,2026-05
SHP01151,2026-04-19,WH-3,North,Sea,1371.5,56,4.01,10,True,14282.94,4.1,10.41,0.0,2026-04
SHP01152,2026-06-07,WH-6,South,Road,2010.3,22,5.52,4,False,91571.27,4.1,45.55,1.52,2026-06
SHP01153,2026-05-05,WH-6,South,Road,516.1,38,2.25,4,True,17044.6,4.5,33.03,0.0,2026-05
SHP01154,2026-04-02,WH-6,West,Road,1127.1,87,3.27,4,True,47091.14,4.9,41.78,0.0,2026-04
SHP01155,2026-06-28,WH-2,West,Road,1474.9,31,4.37,4,True,65980.2,5.0,44.74,0.37,2026-06
SHP01156,2026-02-09,WH-4,East,Road,660.5,14,2.17,4,True,20040.68,4.2,30.34,0.0,2026-02
SHP01157,2026-01-31,WH-3,North,Sea,809.9,17,6.18,10,True,7811.99,4.0,9.65,0.0,2026-01
SHP01158,2026-04-16,WH-3,North,Road,409.5,26,1.36,4,True,20320.0,4.1,49.62,0.0,2026-04
SHP01159,2026-03-13,WH-5,West,Rail,303.0,9,1.74,5,True,8587.49,5.0,28.34,0.0,2026-03
SHP01160,2026-03-03,WH-1,South,Rail,403.9,6,1.98,5,True,9550.85,5.0,23.65,0.0,2026-03
SHP01161,2026-02-01,WH-1,Central,Road,770.9,19,2.35,4,True,37548.15,3.8,48.71,0.0,2026-02
SHP01162,2026-02-03,WH-2,North,Road,898.6,96,2.35,4,True,38157.25,4.9,42.46,0.0,2026-02
SHP01163,2026-05-12,WH-2,East,Sea,576.9,9,9.45,10,True,5005.48,4.0,8.68,0.0,2026-05
SHP01164,2026-05-08,WH-6,East,Road,2635.7,27,6.18,4,False,125206.74,2.9,47.5,2.18,2026-05
SHP01165,2026-04-20,WH-5,South,Sea,756.6,6,2.66,10,True,8253.04,4.9,10.91,0.0,2026-04
SHP01166,2026-04-07,WH-5,Central,Sea,288.5,16,1.91,10,True,3637.38,5.0,12.61,0.0,2026-04
SHP01167,2026-01-23,WH-4,South,Air,741.5,7,1.41,2,True,121722.42,4.5,164.16,0.0,2026-01
SHP01168,2026-05-26,WH-4,East,Air,400.0,26,1.24,2,True,73168.56,4.3,182.92,0.0,2026-05
SHP01169,2026-04-02,WH-4,West,Road,885.5,29,4.0,4,True,43397.69,4.4,49.01,0.0,2026-04
SHP01170,2026-04-29,WH-5,Central,Road,404.2,6,1.66,4,True,18635.37,5.0,46.1,0.0,2026-04
SHP01171,2026-02-23,WH-5,West,Rail,510.7,35,3.74,5,True,10621.27,5.0,20.8,0.0,2026-02
SHP01172,2026-03-19,WH-5,East,Rail,1303.9,17,3.26,5,True,28480.38,3.9,21.84,0.0,2026-03
SHP01173,2026-01-19,WH-6,Central,Air,400.0,23,1.22,2,True,64103.13,5.0,160.26,0.0,2026-01
SHP01174,2026-06-02,WH-1,West,Rail,492.5,17,4.77,5,True,10227.78,4.0,20.77,0.0,2026-06
SHP01175,2026-04-06,WH-4,East,Road,225.1,22,1.44,4,True,10949.12,4.8,48.64,0.0,2026-04
SHP01176,2026-04-20,WH-4,East,Road,807.4,5,2.64,4,True,36465.75,4.2,45.16,0.0,2026-04
SHP01177,2026-02-06,WH-6,West,Road,511.6,21,1.64,4,True,28931.23,5.0,56.55,0.0,2026-02
SHP01178,2026-06-07,WH-3,South,Sea,267.9,60,1.21,10,True,3455.95,4.5,12.9,0.0,2026-06
SHP01179,2026-03-28,WH-4,South,Road,338.6,84,3.86,4,True,13118.54,4.9,38.74,0.0,2026-03
SHP01180,2026-01-06,WH-1,South,Sea,105.6,11,1.12,10,True,851.07,4.4,8.06,0.0,2026-01
SHP01181,2026-01-13,WH-5,North,Rail,1312.8,40,3.24,5,True,35322.82,4.0,26.91,0.0,2026-01
SHP01182,2026-05-09,WH-1,West,Air,3017.1,8,1.74,2,True,468805.35,4.4,155.38,0.0,2026-05
SHP01183,2026-01-16,WH-6,South,Road,335.0,22,1.24,4,True,15006.47,5.0,44.8,0.0,2026-01
SHP01184,2026-05-04,WH-3,North,Road,1138.1,31,3.64,4,True,43141.77,4.1,37.91,0.0,2026-05
SHP01185,2026-02-11,WH-1,North,Road,573.3,113,2.15,4,True,29157.77,4.7,50.86,0.0,2026-02
SHP01186,2026-01-19,WH-3,East,Sea,483.2,21,2.15,10,True,4049.82,4.6,8.38,0.0,2026-01
SHP01187,2026-01-21,WH-4,South,Road,1327.9,18,3.94,4,True,49037.23,4.6,36.93,0.0,2026-01
SHP01188,2026-06-26,WH-1,West,Rail,195.2,6,0.76,5,True,3876.3,4.0,19.86,0.0,2026-06
SHP01189,2026-06-14,WH-1,North,Sea,745.9,44,2.69,10,True,7388.92,3.5,9.91,0.0,2026-06
SHP01190,2026-02-25,WH-2,South,Rail,387.9,17,5.64,5,False,9435.3,2.7,24.32,0.64,2026-02
SHP01191,2026-04-23,WH-4,East,Road,877.6,13,3.43,4,True,40768.12,5.0,46.45,0.0,2026-04
SHP01192,2026-01-10,WH-5,North,Rail,660.9,13,1.79,5,True,14436.81,5.0,21.84,0.0,2026-01
SHP01193,2026-05-22,WH-6,South,Road,609.2,26,2.25,4,True,28199.83,4.3,46.29,0.0,2026-05
SHP01194,2026-02-17,WH-6,North,Road,1246.3,38,3.17,4,True,54774.81,3.5,43.95,0.0,2026-02
SHP01195,2026-02-22,WH-5,South,Rail,380.4,4,1.47,5,True,7919.63,4.1,20.82,0.0,2026-02
SHP01196,2026-05-01,WH-6,North,Rail,651.5,22,2.33,5,True,14758.68,4.2,22.65,0.0,2026-05
SHP01197,2026-06-22,WH-1,East,Rail,741.1,5,2.23,5,True,18699.84,5.0,25.23,0.0,2026-06
SHP01198,2026-01-22,WH-3,North,Rail,928.8,32,2.66,5,True,19500.24,4.5,21.0,0.0,2026-01
SHP01199,2026-06-13,WH-5,North,Road,1496.5,14,7.33,4,False,74398.14,3.1,49.71,3.33,2026-06
SHP01200,2026-01-31,WH-2,East,Road,401.4,11,1.77,4,True,17531.38,4.7,43.68,0.0,2026-01
